week_start_date,ndvi_ne,ndvi_nw,ndvi_se,precipitation_amt_mm,reanalysis_air_temp_k,reanalysis_dew_point_temp_k,reanalysis_max_air_temp_k,reanalysis_min_air_temp_k,reanalysis_precip_amt_kg_per_m2,reanalysis_relative_humidity_percent,station_avg_temp_c,station_diur_temp_rng_c,station_max_temp_c,station_min_temp_c,station_precip_mm,total_cases
2000-07-01,0.19288570000000002,0.13225710000000002,0.3408857,25.41,296.74,295.184285714,307.3,293.1,43.19,92.4185714286,26.4,10.775,32.5,20.7,3.0,0
2000-07-08,0.2168333,0.2761,0.28945709999999997,60.61,296.63428571400004,295.358571429,306.6,291.1,46.0,93.5814285714,26.9,11.566666666700002,34.0,20.8,55.6,0
2000-07-15,0.1767571,0.1731286,0.20411429999999997,55.52,296.41571428599997,295.622857143,304.5,292.6,64.77,95.84857142860001,26.8,11.4666666667,33.0,20.7,38.1,0
2000-07-22,0.2277286,0.14542860000000002,0.2542,5.6,295.357142857,292.797142857,303.6,288.6,23.96,87.2342857143,25.7666666667,10.5333333333,31.5,14.7,30.0,0
2000-07-29,0.3286429,0.3221286,0.25437139999999997,62.76,296.432857143,293.957142857,307.0,291.5,31.8,88.1614285714,26.6,11.48,33.3,19.1,4.0,0
2000-08-05,0.2055286,0.1907571,0.2316714,16.24,297.19142857099996,291.72571428599997,306.2,288.5,1.0,74.72857142859999,25.34,10.94,32.0,17.0,11.5,0
2000-08-12,0.3124857,0.3299857,0.38058569999999997,89.37,297.32,293.821428571,308.8,292.1,26.68,83.27571428569999,27.0166666667,11.65,34.0,19.9,72.9,0
2000-08-19,0.3841333,0.39224000000000003,0.34178000000000003,42.08,297.627142857,293.992857143,307.9,290.6,16.9,82.49,26.5833333333,10.3166666667,33.0,20.5,50.1,0
2000-08-26,0.4081571,0.3221571,0.40671430000000003,49.22,298.238571429,292.904285714,310.1,291.3,5.59,74.74,26.9,13.4,34.0,19.0,89.2,0
2000-09-02,0.33204290000000003,0.3210571,0.3146143,53.65,299.218571429,293.472857143,310.5,292.9,16.07,74.1514285714,27.116666666700002,12.2666666667,34.0,20.0,78.0,0
2000-09-09,0.2955857,0.2956833,0.3122143,23.12,300.802857143,290.635714286,312.8,291.5,2.5,57.7871428571,28.366666666700002,12.9,35.8,21.7,56.9,1
2000-09-16,0.2846571,0.3097571,0.3878833,34.62,299.858571429,293.64,310.7,292.3,4.1,71.66,27.425,12.775,34.5,20.5,18.9,0
2000-09-23,0.3488143,0.2957167,0.4048429,97.55,297.435714286,292.707142857,310.2,288.3,3.2,77.4871428571,27.5333333333,12.566666666700002,36.0,20.5,104.2,0
2000-09-30,0.17568570000000003,0.09948333,0.2257143,95.89,299.35571428599997,293.217142857,310.8,290.0,2.6,71.4628571429,27.15,12.175,34.0,20.5,57.9,0
2000-10-07,0.33754,0.2769429,0.2775,46.22,298.372857143,294.664285714,309.8,292.7,16.6,82.3714285714,26.7,11.675,34.0,20.0,63.0,0
2000-10-14,0.22353330000000002,0.1339143,0.3498,31.1,298.474285714,294.592857143,309.2,291.9,21.9,81.5228571429,27.657142857100002,11.3,34.0,21.0,3.0,1
2000-10-21,0.2748,0.1870571,0.3739429,25.21,299.211428571,294.007142857,311.8,292.3,9.9,75.54,27.775,12.275,36.0,21.0,45.2,1
2000-10-28,0.3673,0.30555,0.45538,49.25,299.541428571,294.708571429,310.2,291.9,23.3,76.94142857140001,28.0,12.4666666667,34.6,20.0,57.9,0
2000-11-04,0.2951,0.21151999999999999,0.3044,67.64,299.44,295.27428571400003,312.2,292.4,20.2,79.4285714286,27.6,12.333333333299999,35.5,21.1,7.1,0
2000-11-11,0.2713667,0.15156670000000003,0.34725,51.83,300.74857142900004,295.28,310.4,294.3,19.2,74.8028571429,28.175,12.25,35.2,21.5,13.5,0
2000-11-18,0.09993333,0.03586,0.1954857,39.25,301.637142857,294.232857143,311.8,294.2,3.6,67.1857142857,29.025,13.1,36.4,21.7,0.0,0
2000-11-25,0.16998329999999998,0.2893,0.3009833,55.91,300.872857143,293.06,311.1,293.6,11.2,66.0428571429,27.7,11.35,36.5,21.5,14.7,0
2000-12-02,0.2519714,0.2538,0.3235143,20.65,299.23,294.717142857,310.0,293.5,14.5,78.88571428569999,27.05,11.575,34.2,21.0,19.0,0
2000-12-09,0.1658333,0.18241429999999997,0.2545667,24.53,300.242857143,293.305714286,312.2,292.0,1.7,68.5571428571,28.0,12.0,34.0,22.0,0.8,0
2000-12-16,0.3387857,0.31682859999999996,0.3503429,111.06,298.757142857,294.52,311.4,291.9,48.76,80.4085714286,26.616666666700002,9.65,33.8,21.0,67.2,1
2000-12-23,0.2650143,0.16905710000000002,0.23486669999999998,3.9,300.411428571,291.092857143,311.2,294.6,5.7,60.641428571400006,28.2,12.2833333333,35.0,21.0,0.0,0
2001-01-01,0.2547143,0.2285286,0.2505857,59.11,297.958571429,296.99,305.5,293.2,64.6,94.9557142857,27.3333333333,11.0,33.3,21.8,38.9,0
2001-01-08,0.3021333,0.20351670000000002,0.2674333,69.85,298.044285714,294.345714286,309.8,292.5,22.98,82.3471428571,27.0,11.225,33.2,20.7,59.9,0
2001-01-15,0.17475710000000003,0.1033167,0.2582429,149.71,298.36857142900004,295.06142857099996,308.7,294.0,24.92,84.1757142857,27.05,10.9,33.0,20.5,52.0,0
2001-01-22,0.2376,0.1912667,0.12585710000000003,50.02,295.722857143,294.594285714,301.8,292.3,88.03,94.05714285709999,25.7166666667,9.433333333330001,31.2,20.0,166.9,0
2001-01-29,0.3415,0.2606667,0.3293857,87.18,295.297142857,294.411428571,302.2,292.2,80.95,95.40714285709998,26.4333333333,9.666666666669999,33.0,20.0,147.8,0
2001-02-05,0.2335857,0.161,0.1966143,31.93,295.511428571,293.408571429,303.6,292.5,16.4,89.08,27.35,10.025,34.2,21.7,3.3,0
2001-02-12,0.15541429999999998,0.13501670000000002,0.1485286,66.84,295.37,294.43857142900004,304.4,292.3,37.96,94.8842857143,26.3,8.95,33.0,21.0,83.1,0
2001-02-19,0.1353714,0.0823,0.12975710000000001,16.17,296.07,294.73,304.4,290.6,34.18,92.84285714290002,26.9333333333,10.0,33.2,21.0,38.1,0
2001-02-26,0.30764,0.2282167,0.2245,47.14,297.038571429,295.767142857,305.1,293.7,26.96,93.3142857143,26.56,9.48,33.2,20.5,21.1,0
2001-03-05,0.18204289999999998,0.289,0.20687139999999998,118.07,297.61857142900004,296.46,305.8,294.8,83.89,94.09285714290002,27.2,10.15,33.3,20.0,87.1,0
2001-03-12,0.20538330000000002,0.1769,0.2063571,74.34,296.79,295.544285714,309.3,292.8,195.2,94.0942857143,27.05,12.1,34.2,20.0,39.9,0
2001-03-19,0.18834289999999998,0.1950333,0.1635429,90.35,298.701428571,295.157142857,309.7,293.2,32.6,82.80142857140001,27.4333333333,11.433333333299998,34.1,20.0,70.8,0
2001-03-26,0.16238,0.15081670000000003,0.09465714,94.06,296.852857143,296.078571429,303.2,292.8,304.52,95.9242857143,27.05,10.95,34.2,20.0,80.0,0
2001-04-02,0.2678143,0.3126429,0.2615,86.46,296.305714286,295.695714286,305.5,292.9,91.43,96.7371428571,27.16,10.98,35.0,20.5,46.2,0
2001-04-09,0.3827571,0.37097140000000006,0.3438857,80.82,297.17571428599996,296.13,305.5,292.1,110.1,94.6028571429,26.46,11.66,34.0,19.5,120.1,0
2001-04-16,0.3125429,0.28221430000000003,0.2621286,77.73,297.062857143,295.98571428599996,305.1,292.8,120.32,94.6157142857,27.34,11.04,33.5,20.4,45.3,1
2001-04-23,0.2456143,0.2148429,0.27337140000000004,78.01,297.961428571,295.428571429,307.8,293.2,78.3,88.14857142860001,27.633333333299998,10.933333333299998,34.3,21.0,14.9,0
2001-04-30,0.2540143,0.179,0.31282859999999996,94.77,297.285714286,295.74,305.6,293.1,103.87,92.19285714290001,27.625,11.325,35.2,20.5,51.0,0
2001-05-07,0.2664571,0.1886,0.1962,45.56,297.135714286,296.332857143,305.1,292.1,85.9,95.82,26.6,8.8,32.7,21.4,66.0,0
2001-05-14,0.3153429,0.31965,0.2627,74.08,297.297142857,296.99,305.6,294.7,80.3,98.34142857139999,27.8571428571,6.04285714286,32.5,24.4,0.0,0
2001-05-21,0.2985857,0.37966669999999997,0.1842429,70.81,296.922857143,295.827142857,305.6,293.0,53.1,94.71,27.4333333333,11.933333333299998,34.2,20.5,64.1,1
2001-05-28,0.2999429,0.3029429,0.3187143,90.07,296.845714286,295.18,304.8,291.8,20.3,91.4657142857,27.25,12.65,34.8,20.5,32.0,1
2001-06-04,0.36356669999999996,0.18191429999999997,0.2539714,126.46,296.69142857099996,294.46,307.6,291.5,30.63,89.4871428571,26.866666666700002,10.733333333300001,34.0,19.8,17.0,0
2001-06-11,0.3170833,0.2989667,0.2198714,47.13,295.482857143,294.341428571,302.6,291.9,95.06,94.0171428571,26.88,10.68,33.4,20.0,37.1,0
2001-06-18,0.1041,0.10824289999999999,0.05965714,53.93,296.0,293.647142857,305.2,291.0,13.45,88.1714285714,26.4,10.05,33.2,20.5,9.9,1
2001-06-25,0.1923,0.2752857,0.3164571,1.22,294.845714286,290.57285714299996,306.1,288.4,1.82,79.3228571429,28.6285714286,6.75714285714,32.3,17.1,31.0,0
2001-07-02,0.22908330000000002,0.1932667,0.2704571,52.1,295.79571428599996,292.75285714299997,305.0,291.3,23.6,84.8571428571,26.5,11.3666666667,33.2,20.0,70.1,0
2001-07-09,0.3597167,0.3110571,0.2649857,39.09,295.80857142900004,293.43857142900004,307.2,290.3,16.7,88.3228571429,27.35,10.95,33.5,19.5,22.3,0
2001-07-16,0.3195,0.2050857,0.1947429,52.05,297.555714286,294.11571428599996,307.9,291.1,18.0,84.2457142857,26.7666666667,10.0666666667,32.8,21.0,36.8,0
2001-07-23,0.2911571,0.2526333,0.2182,54.52,296.815714286,294.991428571,306.0,292.0,38.29,90.8142857143,27.366666666700002,11.4,34.0,21.2,25.2,0
2001-07-30,0.23711669999999999,0.1956167,0.1883143,27.97,297.291428571,293.452857143,308.1,289.8,9.71,82.2257142857,26.52,10.88,34.0,18.4,10.9,0
2001-08-06,0.20075710000000002,0.2377286,0.2236429,0.0,298.537142857,291.387142857,308.7,291.0,0.2,66.66428571430001,27.1,12.175,33.5,17.8,49.0,0
2001-08-13,0.2821714,0.2735571,0.2658571,5.14,298.395714286,292.02428571400003,309.7,292.0,0.0,69.4757142857,27.125,12.25,33.4,20.0,18.0,0
2001-08-20,0.2407571,0.1931143,0.2063429,9.97,298.44,294.017142857,308.8,291.7,30.1,78.3885714286,27.6,11.68,34.2,20.0,47.9,0
2001-08-27,0.2280714,0.19998570000000002,0.23314290000000001,47.58,298.75142857099996,293.72571428599997,311.2,293.0,16.9,76.9557142857,27.2,12.4666666667,35.2,20.0,31.0,0
2001-09-03,0.30695,0.2410286,0.1908714,44.45,298.69142857099996,294.905714286,311.2,291.7,39.8,81.9871428571,27.375,12.15,34.3,20.8,35.1,0
2001-09-10,0.3084571,0.2503143,0.2983,36.2,298.66571428599997,294.122857143,311.5,290.9,19.6,78.9571428571,27.375,11.525,35.2,20.1,41.9,0
2001-09-17,0.3533143,0.34397140000000004,0.35867140000000003,66.4,297.962857143,294.597142857,309.0,292.9,65.54,84.0328571429,27.525,12.75,35.0,20.2,69.0,0
2001-09-24,0.33467140000000006,0.3886143,0.2854,26.48,298.707142857,294.29571428599996,310.4,291.7,21.9,79.3657142857,27.25,11.925,33.4,20.3,13.2,0
2001-10-01,0.3343857,0.2712857,0.2416857,63.42,299.547142857,294.768571429,311.0,291.8,32.6,78.33,28.3,13.34,35.5,20.4,14.2,0
2001-10-08,0.4202857,0.3819571,0.4438,58.75,299.158571429,293.812857143,312.3,290.8,12.3,74.4185714286,28.525,12.475,36.8,21.8,30.9,0
2001-10-15,0.3102,0.29712859999999996,0.3454857,77.89,300.30857142900004,294.214285714,312.9,292.4,49.2,72.1628571429,27.633333333299998,12.5333333333,36.7,20.0,159.0,0
2001-10-22,0.1244833,0.2392667,0.1845,77.15,298.58428571400003,296.607142857,310.6,293.9,114.36,90.2657142857,28.0666666667,11.9666666667,35.0,21.0,89.1,0
2001-10-29,0.2108857,0.2075667,0.2066143,83.53,298.341428571,295.305714286,308.8,292.0,46.46,85.5728571429,27.64,10.38,35.8,21.5,76.0,0
2001-11-05,0.3581429,0.2793429,0.30597140000000006,34.54,298.51428571400004,296.195714286,309.7,292.5,164.74,89.0042857143,27.525,11.025,34.4,21.3,35.1,0
2001-11-12,0.2773286,0.2303,0.2773,61.82,298.847142857,296.198571429,310.5,294.0,181.2,87.48142857139999,28.44,10.18,34.5,21.0,43.9,0
2001-11-19,0.3297,0.3304167,0.3406429,65.89,299.12,296.75285714299997,309.5,294.2,56.3,88.83714285709999,27.575,11.575,33.7,20.8,31.0,1
2001-11-26,0.3015,0.3613,0.30557140000000005,47.46,298.555714286,295.81142857099996,310.0,294.4,31.5,87.3771428571,28.2333333333,11.666666666700001,35.3,21.8,12.2,1
2001-12-03,0.3250571,0.2264714,0.2992571,46.86,298.754285714,295.981428571,308.5,294.6,158.5,87.24,28.425,11.65,35.5,21.2,23.1,1
2001-12-10,0.3260333,0.2355333,0.31557140000000006,138.22,298.245714286,297.5,305.8,293.9,72.94,96.1185714286,27.84,10.96,35.0,21.0,75.0,2
2001-12-17,0.2229429,0.2240714,0.2128143,43.95,298.564285714,297.211428571,309.3,295.1,85.9,93.94714285709999,27.075,9.5,32.9,21.0,57.9,4
2001-12-24,0.29818890000000003,0.3380778,0.2887889,100.72,298.238571429,297.511428571,306.7,294.7,109.64,96.3557142857,27.35,8.65,33.3,22.0,25.1,1
2002-01-01,0.40572859999999994,0.3484,0.3686429,70.16,297.13285714299997,296.06,304.5,292.5,109.8,94.5885714286,27.95,9.45,33.2,23.0,45.3,4
2002-01-08,0.3275833,0.3759167,0.41026670000000004,64.79,300.012857143,294.912857143,309.8,294.8,5.5,76.6028571429,28.9666666667,11.933333333299998,35.4,21.0,7.1,11
2002-01-15,0.24108569999999999,0.14565,0.27802859999999996,22.77,299.877142857,294.60571428599997,309.4,291.8,4.7,75.2042857143,28.8,12.7666666667,36.0,22.0,5.0,16
2002-01-22,0.1041286,0.1483286,0.1121857,121.07,298.91571428599997,295.11,308.7,293.2,19.91,81.5271428571,27.94,11.8,35.8,21.0,18.0,23
2002-01-29,-0.019300000000000005,0.056716665,0.14663569999999998,59.4,296.858571429,296.137142857,304.2,294.1,43.12,96.2671428571,26.3,9.7,32.5,20.8,120.2,12
2002-02-05,0.18491670000000002,0.1733286,0.16874289999999997,4.68,295.912857143,295.231428571,304.2,292.0,69.96,96.6414285714,26.625,9.725,34.0,20.8,70.4,14
2002-02-12,0.29197140000000005,0.2241429,0.3051,104.37,297.847142857,296.544285714,304.7,294.5,33.3,93.4385714286,27.85,10.725,33.6,20.8,62.8,18
2002-02-19,0.1288,0.12243330000000001,0.09594286,37.46,297.695714286,296.122857143,305.5,293.9,49.43,92.05,27.02,9.78,33.5,21.0,14.0,8
2002-02-26,0.1162,0.17874289999999998,0.08991429,80.14,297.062857143,296.51428571400004,305.0,294.5,201.2,97.15714285709998,26.7,9.6,32.2,20.5,47.6,7
2002-03-05,0.3183667,0.2556,0.266,92.84,298.54,296.698571429,308.8,294.5,160.1,91.2214285714,27.85,13.2,35.7,21.0,48.3,10
2002-03-12,0.2483857,0.1795,0.2698143,41.96,298.358571429,296.238571429,309.2,293.8,46.9,89.7785714286,26.95,10.45,34.5,21.6,9.1,7
2002-03-19,0.2265857,0.2483333,0.2302,61.18,297.951428571,296.81,305.8,294.1,92.4,94.16571428569999,26.95,11.775,33.3,20.6,76.8,10
2002-03-26,0.2127857,0.27455,0.1987,110.42,296.407142857,296.108571429,303.6,293.9,127.9,98.4571428571,26.1,10.3,32.3,20.7,49.0,5
2002-04-02,0.19708,0.29622859999999995,0.1805,94.01,297.174285714,296.741428571,303.9,294.5,122.3,97.77571428569999,27.3,10.4,32.5,20.2,20.1,11
2002-04-09,0.2698286,0.19681429999999997,0.2025857,75.98,296.862857143,296.351428571,303.3,294.1,187.8,97.2442857143,26.3,9.4,31.4,20.8,13.0,8
2002-04-16,0.26935,0.2121571,0.1889286,109.49,297.76428571400004,296.31,305.0,294.4,49.8,92.6157142857,27.2,13.0,34.6,20.3,33.45,18
2002-04-23,0.2678429,0.2614143,0.2485,45.59,297.58428571400003,296.63142857099996,305.2,293.9,96.1,95.2514285714,27.2666666667,10.7,33.3,21.7,53.9,13
2002-04-30,0.1703571,0.1418286,0.1977286,60.05,297.408571429,296.222857143,303.8,292.8,52.6,93.8457142857,27.383333333350002,11.112499999999999,33.5,21.2,1.0,9
2002-05-07,0.2272571,0.17824289999999998,0.1773857,101.3,297.35571428599997,296.444285714,304.4,293.0,66.85,95.22,27.5,11.525,34.0,21.3,25.4,22
2002-05-14,0.1338,0.1096333,0.2196143,46.79,296.784285714,296.221428571,303.7,293.9,93.4,97.24285714290001,26.866666666700002,9.7,32.3,20.8,543.3,10
2002-05-21,0.1921143,0.1776429,0.23085709999999998,51.25,297.05,296.02428571400003,306.2,292.7,32.3,94.80428571430001,27.7,12.15,33.8,20.8,9.1,5
2002-05-28,0.1764571,0.17491429999999997,0.18815710000000002,41.54,297.55714285700003,296.271428571,305.9,292.4,58.02,93.78857142860001,26.325,9.775,32.3,20.8,146.7,13
2002-06-04,0.3204714,0.2780857,0.2377286,72.76,296.267142857,295.23571428599996,305.3,291.5,19.12,94.3457142857,27.3,11.6333333333,34.3,20.7,28.0,2
2002-06-11,0.3862667,0.2591333,0.3284143,69.62,297.257142857,296.107142857,305.8,293.4,39.48,94.1442857143,27.8,11.5,34.0,20.7,1.0,11
2002-06-18,0.2212714,0.17351429999999998,0.2119714,39.16,296.80714285700003,293.87142857099997,306.4,288.4,22.95,85.7371428571,26.2333333333,8.73333333333,33.0,18.8,31.0,11
2002-06-25,0.17917139999999998,0.2791,0.1326143,3.18,295.80857142900004,292.147142857,305.3,290.0,14.1,82.1671428571,26.15,10.8,32.6,18.6,7.1,3
2002-07-02,0.10154289999999999,0.1266,0.11935710000000001,3.27,294.635714286,291.794285714,305.1,287.4,6.2,85.5657142857,26.275,9.5,32.6,20.7,5.1,7
2002-07-09,0.21602,0.2350667,0.1511857,5.71,295.88285714299997,292.95,307.1,291.2,8.7,85.6728571429,26.133333333299998,10.633333333300001,32.3,20.3,26.3,7
2002-07-16,0.10804289999999998,0.07298571,0.11122860000000001,63.0,296.44285714299997,293.327142857,306.3,290.6,8.3,84.6685714286,25.4,9.0,30.1,20.1,0.0,4
2002-07-23,0.2225,0.2631,0.2489857,65.55,296.875714286,293.422857143,307.4,288.3,12.41,83.4971428571,27.8,11.6,33.6,19.5,68.1,5
2002-07-30,0.3870143,0.2601714,0.34927140000000007,89.93,297.161428571,294.624285714,308.5,292.8,23.33,87.0342857143,26.7,11.14,33.8,19.3,35.6,6
2002-08-06,0.3041167,0.2788429,0.3074571,14.34,296.79571428599996,292.674285714,308.0,289.1,5.44,80.47,27.25,12.8,34.0,20.2,0.0,7
2002-08-13,0.37715709999999997,0.3059,0.2884,9.81,298.304285714,291.678571429,308.9,290.8,1.7,69.06,27.8333333333,12.2333333333,35.1,20.6,7.1,7
2002-08-20,0.345425,0.31354,0.29505,31.71,296.184285714,292.451428571,308.6,288.8,5.61,82.1414285714,27.616666666649998,11.69166666665,33.1,20.8,70.6,4
2002-08-27,0.3045429,0.2694429,0.2508571,38.8,298.412857143,293.874285714,310.3,291.6,10.7,77.7657142857,27.4,11.15,35.1,20.9,24.1,9
2002-09-03,0.2290143,0.1319714,0.2494571,81.85,299.395714286,294.531428571,310.5,293.9,13.1,77.0828571429,27.4,10.475,33.3,21.7,17.0,17
2002-09-10,0.3075429,0.2941714,0.3234,25.36,299.015714286,293.211428571,310.0,290.0,3.2,73.1414285714,28.2333333333,13.2333333333,35.9,19.9,89.9,8
2002-09-17,0.3274143,0.3472571,0.33867140000000007,11.49,300.32,292.271428571,311.2,291.8,0.8,64.6885714286,28.9,12.7,36.6,21.5,0.8,22
2002-09-24,0.2379833,0.30842859999999994,0.2681143,38.56,299.238571429,294.414285714,312.6,291.5,41.1,79.5628571429,27.9,12.2,36.0,20.4,86.9,18
2002-10-01,0.2721143,0.17936670000000002,0.3142429,70.98,299.654285714,293.814285714,313.2,291.8,24.1,74.25,29.2,14.1333333333,37.7,21.7,74.2,21
2002-10-08,0.37815,0.3857833,0.2314286,70.22,298.717142857,295.661428571,310.6,293.4,34.4,85.1371428571,28.075,11.45,34.6,21.8,79.8,16
2002-10-15,0.1992714,0.1592429,0.2581286,21.96,298.297142857,295.585714286,308.8,292.1,40.7,86.9985714286,28.0,11.6333333333,34.2,22.0,4.5,31
2002-10-22,0.2278714,0.21445709999999998,0.2997714,48.94,297.331428571,294.961428571,304.5,292.5,35.4,87.71714285709999,27.95,10.3,36.0,21.8,167.8,25
2002-10-29,0.3290857,0.2862143,0.2940571,89.77,298.518571429,296.9,307.3,294.9,39.7,91.94428571430001,28.125,10.65,34.1,22.5,34.1,28
2002-11-05,0.3071429,0.27695,0.2879286,95.47,297.537142857,296.637142857,306.5,293.9,124.2,95.2857142857,28.3,11.0,33.8,22.6,63.9,26
2002-11-12,0.2368333,0.2021571,0.20951430000000001,91.36,297.16571428599997,296.32285714299996,306.6,293.9,91.33,96.04714285709998,27.6,10.7,33.6,21.4,212.6,18
2002-11-19,0.2506143,0.27913330000000003,0.2156333,61.69,297.375714286,296.781428571,305.9,294.4,85.8,96.84,27.35,8.9,33.5,21.7,77.0,27
2002-11-26,0.31092859999999994,0.28522859999999994,0.29072859999999995,60.15,298.35,297.07285714299996,309.5,292.0,56.92,93.3957142857,28.1,10.55,34.0,22.0,17.2,11
2002-12-03,0.3008,0.2528,0.3449571,49.69,298.32428571400004,296.48571428599996,306.8,294.3,49.2,90.66285714290001,28.5,9.75,33.7,22.9,46.0,38
2002-12-10,0.26802859999999995,0.14242860000000002,0.2886714,35.02,297.88428571400004,296.39,307.4,294.2,30.89,92.61428571430001,27.65,9.45,34.0,22.9,57.2,29
2002-12-17,0.2542286,0.18391429999999998,0.2707143,25.73,297.81857142900003,296.627142857,306.0,294.8,24.3,93.8457142857,27.98,8.72,34.0,23.3,24.0,21
2002-12-24,0.1194,0.1364,0.1718286,151.73,297.872857143,296.63,305.7,293.8,54.7,93.40857142860001,27.975,10.65,33.8,21.9,137.9,11
2003-01-01,0.3234143,0.3004143,0.32918569999999997,46.91,299.375714286,295.87142857099997,308.6,293.1,28.3,84.06,28.45,9.95,34.4,22.4,92.9,10
2003-01-08,0.4884,0.4024429,0.4149286,11.77,297.684285714,295.944285714,308.6,291.5,33.6,91.56,28.9333333333,10.2,35.0,22.1,35.1,5
2003-01-15,0.303,0.16946670000000003,0.2915429,60.46,296.92,295.901428571,305.2,293.4,27.9,94.3742857143,28.0,9.5,33.3,22.5,164.4,6
2003-01-22,0.2249571,0.2602714,0.20692860000000002,84.05,298.125714286,295.00142857099996,307.7,291.6,8.8,84.46,28.4,10.6,34.2,23.0,67.1,2
2003-01-29,0.1660286,0.1406286,0.19138570000000002,35.05,299.487142857,294.012857143,310.0,292.5,6.26,74.8842857143,28.6,12.0,35.4,22.5,7.9,1
2003-02-05,0.19145,0.08642857,0.1368,56.36,297.218571429,296.218571429,304.9,292.0,170.6,94.55285714290001,26.6,7.0,33.8,22.4,41.9,2
2003-02-12,0.3137143,0.22841430000000001,0.2521143,70.63,296.585714286,295.52,302.9,293.2,38.7,94.3542857143,26.75,8.35,33.2,22.4,55.9,2
2003-02-19,0.1262571,0.13551429999999998,0.10365710000000002,25.03,298.567142857,296.392857143,308.6,292.5,41.1,89.97428571430001,28.075,9.774999999999999,32.4,23.3,121.9,3
2003-02-26,0.2976,0.23663330000000002,0.22915,132.2,299.35,296.41,308.6,294.4,53.6,86.0128571429,29.4,11.2,35.0,22.9,0.0,5
2003-03-05,0.1695286,0.13895710000000003,0.2340571,63.71,297.508571429,295.94285714299997,306.6,294.3,134.46,92.4685714286,27.95,9.1,32.9,22.9,5.0,1
2003-03-12,0.2,0.19028570000000003,0.1589429,47.97,296.68,295.94142857099996,305.9,292.4,186.8,96.1714285714,26.7,7.5,32.0,22.1,98.4,4
2003-03-19,0.2142143,0.2251571,0.2191714,109.04,297.892857143,296.63285714299997,308.9,293.4,362.03,93.62857142860001,27.6,9.9,33.5,22.7,61.9,2
2003-03-26,0.1475286,0.2694571,0.1268571,93.61,298.64428571400003,296.81857142900003,308.1,294.3,44.5,91.5942857143,30.8,15.8,42.2,21.8,75.9,4
2003-04-02,0.2482,0.26277140000000004,0.2065,89.38,298.077142857,296.642857143,307.5,292.9,44.72,93.0142857143,28.26,9.96,34.2,22.6,75.0,0
2003-04-09,0.2052429,0.1842,0.1931286,78.59,298.082857143,297.358571429,305.9,293.9,86.23,96.27,28.175,9.675,34.5,22.9,79.0,0
2003-04-16,0.26682859999999997,0.2182286,0.1998714,51.14,296.74714285700003,295.99,304.0,293.2,43.85,95.99285714290001,27.72,8.48,34.2,22.4,49.0,0
2003-04-23,0.32344290000000003,0.2531714,0.28522859999999994,77.34,297.992857143,296.50142857099996,306.3,293.4,56.6,92.54714285709998,28.2,10.45,33.9,21.8,82.9,0
2003-04-30,0.4350571,0.3769143,0.2636143,65.43,296.69142857099996,296.16,304.5,294.0,247.6,97.27714285709999,27.2,8.333333333330001,32.9,22.7,105.9,1
2003-05-07,0.1994286,0.1501,0.1834667,138.05,296.45428571400004,295.70428571400004,305.2,292.9,59.5,96.14,28.35,9.316666666669999,33.6,23.4,69.0,1
2003-05-14,0.2454286,0.1847,0.2614571,84.16,294.922857143,294.567142857,301.5,290.1,95.3,98.13285714290001,27.0,8.8,32.5,22.0,246.2,1
2003-05-21,0.1892571,0.16695,0.1843,23.7,295.87857142900003,295.035714286,304.1,291.6,34.56,95.8542857143,27.4666666667,8.9,32.5,22.3,145.8,1
2003-05-28,0.24114290000000002,0.1987,0.2537286,166.52,297.648571429,296.08,306.1,293.3,113.8,92.46142857139999,27.7,8.72,35.0,22.4,187.9,1
2003-06-04,0.2369571,0.1213143,0.1923143,70.25,296.591428571,296.127142857,303.9,294.2,40.7,97.61714285709999,27.2,8.15,33.4,22.4,72.1,2
2003-06-11,0.3135857,0.3539833,0.2658571,98.72,296.837142857,296.11714285700003,303.4,292.8,61.8,96.22285714290001,27.7,9.575,33.2,21.6,107.0,3
2003-06-18,0.3237,0.2755,0.3547571,47.15,296.008571429,293.978571429,304.9,291.0,5.56,90.04857142860001,27.525,10.725,33.5,21.8,40.4,4
2003-06-25,0.1882571,0.2322667,0.1737714,88.88,295.387142857,294.542857143,303.7,291.8,38.1,95.5757142857,26.95,9.45,32.7,21.9,93.5,6
2003-07-02,0.2618143,0.1715857,0.3099429,61.09,295.12857142900003,294.037142857,305.5,291.7,42.5,94.1271428571,25.866666666700002,7.5,33.8,21.7,79.3,2
2003-07-09,0.1802714,0.1629714,0.1541286,53.58,296.94285714299997,294.154285714,307.3,291.4,13.55,86.6557142857,27.075,10.875,33.2,20.7,1.5,2
2003-07-16,0.1935714,0.16885,0.15908570000000002,65.2,296.79,293.642857143,306.6,287.3,27.06,85.6114285714,27.6666666667,10.833333333299999,33.4,17.4,23.8,5
2003-07-23,0.2858143,0.1630714,0.28802859999999997,2.64,296.48571428599996,291.85,305.4,289.2,6.39,77.80428571430001,26.4666666667,10.366666666699999,32.1,18.0,9.9,1
2003-07-30,0.2077857,0.15621429999999997,0.1743286,24.64,296.82285714299996,293.184285714,306.9,291.2,12.0,82.27,27.225,9.9,32.4,21.3,69.1,1
2003-08-06,0.2443714,0.1746429,0.2174143,89.28,297.658571429,293.04571428599996,308.2,290.8,6.5,77.8614285714,27.85,11.2,34.2,21.3,117.0,0
2003-08-13,0.2471143,0.17111429999999997,0.2337429,52.47,297.338571429,294.11857142900004,307.0,291.3,21.0,83.9271428571,27.4,10.05,34.4,21.7,79.0,0
2003-08-20,0.42524290000000003,0.3624833,0.3566143,45.38,297.36571428599996,293.511428571,308.1,292.0,35.1,81.9428571429,27.75,11.9,34.0,20.0,18.3,0
2003-08-27,0.2495857,0.2122,0.2508143,29.51,297.875714286,294.932857143,306.6,291.2,18.03,85.7257142857,28.0,12.1,34.4,21.4,95.7,0
2003-09-03,0.3417,0.2863143,0.2101857,8.84,297.38142857099996,290.97,309.5,289.1,33.5,70.9285714286,26.65,11.9,33.9,18.5,0.8,2
2003-09-10,0.2232286,0.2028714,0.19525710000000002,36.42,298.831428571,293.92714285700004,310.2,292.0,6.0,76.5328571429,27.8333333333,12.3,34.3,21.0,53.1,0
2003-09-17,0.3644857,0.2609857,0.3164571,55.73,296.948571429,293.684285714,310.6,288.2,115.2,85.03,27.8,11.6,35.3,16.8,92.3,3
2003-09-24,0.4011857,0.3545167,0.32767140000000006,100.55,298.14428571400003,295.737142857,307.9,293.0,53.36,88.11714285709999,28.0333333333,10.633333333300001,34.7,21.8,27.2,0
2003-10-01,0.2535,0.2371143,0.2290286,74.6,299.357142857,295.828571429,310.6,292.9,253.3,83.6828571429,28.575,12.175,35.5,21.8,34.5,0
2003-10-08,0.1760286,0.19638329999999998,0.2257571,38.3,297.91571428599997,296.312857143,309.0,292.5,42.5,92.16571428569999,27.2,9.35,35.7,22.3,138.2,0
2003-10-15,0.2758286,0.22884290000000002,0.2752,44.16,298.162857143,296.201428571,305.6,293.8,34.6,90.34285714290002,28.3,10.65,34.4,22.9,36.0,2
2003-10-22,0.4750143,0.3795,0.4249429,39.52,298.957142857,296.224285714,311.2,294.6,41.2,87.37,27.975,10.475,34.5,20.7,32.1,2
2003-10-29,0.13451429999999998,0.1314714,0.11535710000000002,32.47,300.041428571,295.29571428599996,310.1,292.3,6.1,77.7842857143,28.7333333333,11.1333333333,35.5,22.8,56.4,3
2003-11-05,0.3946571,0.3269571,0.3912143,105.14,298.135714286,295.74,310.8,292.3,85.3,88.48,27.6,9.566666666669999,34.0,21.9,139.7,3
2003-11-12,0.3176857,0.3246,0.2498,31.08,298.36714285700003,295.645714286,308.4,290.9,36.4,86.7557142857,28.5,10.85,35.5,20.8,79.0,3
2003-11-19,0.2636429,0.2816571,0.2466667,123.63,298.68142857099997,296.72571428599997,307.0,294.8,40.8,90.88285714290001,27.9,10.55,36.0,22.4,284.4,1
2003-11-26,0.2749,0.2452,0.3094571,81.27,299.222857143,296.53,308.5,294.3,51.4,86.9957142857,28.3,10.233333333300001,34.7,22.0,26.2,2
2003-12-03,0.4003429,0.3180571,0.32877140000000005,72.23,298.315714286,296.135714286,309.4,293.5,77.83,89.2071428571,28.7666666667,10.1666666667,35.1,22.0,138.0,3
2003-12-10,0.35862859999999996,0.24435,0.3519,108.62,298.685714286,297.338571429,306.4,294.8,178.89,93.23142857139999,28.4,11.7,34.2,22.5,47.4,6
2003-12-17,0.19266670000000002,0.2244,0.1361143,64.95,298.168571429,296.851428571,308.5,294.1,65.04,93.91714285709999,28.3,10.45,34.8,22.1,66.8,5
2003-12-24,0.2850778,0.23065560000000002,0.26764440000000006,49.42,296.297142857,295.682857143,302.6,294.3,82.68,96.93714285709999,27.3,9.6,33.1,22.3,185.7,1
2004-01-08,0.24941999999999998,0.30885,0.2086286,78.53,297.437142857,296.637142857,304.0,294.9,55.3,95.7942857143,27.4333333333,8.666666666669999,34.2,22.4,137.2,5
2004-01-15,0.32786,0.29844,0.30672,63.47,297.75285714299997,297.02,306.2,294.5,62.5,96.12857142860001,28.7,9.9,34.1,23.1,68.1,8
2004-01-22,0.3205857,0.33652859999999996,0.2566,29.23,299.62,295.89,308.3,293.6,19.4,82.4671428571,28.7333333333,11.4,34.6,21.8,20.1,5
2004-01-29,0.2330143,0.2351857,0.1964857,4.65,300.9,292.832857143,309.7,293.2,1.6,65.2842857143,28.925,12.125,35.6,22.3,0.0,2
2004-02-05,0.12354289999999998,0.0993,0.11285710000000002,13.2,299.902857143,293.988571429,309.8,293.2,9.0,72.9271428571,29.2,13.525,36.4,20.6,24.1,3
2004-02-12,0.2787429,0.2987571,0.3127143,24.83,298.27,295.64,307.2,294.8,33.46,86.7657142857,27.925,9.5,33.3,22.8,13.4,3
2004-02-19,0.2366286,0.1670429,0.1970286,39.06,298.081428571,295.642857143,310.1,292.6,34.5,87.7185714286,26.6,8.1,35.5,22.0,8.6,1
2004-02-26,0.3190571,0.3352333,0.2176286,125.04,297.88285714299997,296.348571429,308.0,294.3,83.27,93.0128571429,27.4666666667,10.133333333300001,34.4,20.6,18.9,6
2004-03-04,0.2094714,0.20865709999999998,0.1715,52.08,297.981428571,296.455714286,308.1,293.2,49.36,92.5614285714,28.4,11.3,34.5,22.3,79.0,4
2004-03-11,0.3076833,0.2140167,0.33865,80.33,296.777142857,296.06857142900003,304.4,293.5,76.75,96.28857142860001,28.0,11.0,33.5,22.5,24.1,1
2004-03-18,0.3859857,0.4247833,0.3514143,137.83,297.887142857,296.62142857099997,305.5,292.9,75.16,93.62857142860001,28.3,9.5,34.3,21.7,187.2,2
2004-03-25,0.30628330000000004,0.19872,0.02988,120.1,297.312857143,296.607142857,303.5,294.0,76.2,96.23857142860001,28.65,9.3,34.0,23.6,142.6,3
2004-04-01,0.136,0.138,0.1862333,101.22,297.202857143,296.815714286,303.9,293.8,88.9,97.9414285714,28.0666666667,9.1,33.9,22.7,2.0,1
2004-04-08,0.3592143,0.3348429,0.2791571,47.26,297.812857143,297.17571428599996,305.6,294.2,135.4,96.4985714286,27.65,9.5,33.1,22.3,4.0,8
2004-04-15,0.2441857,0.19582860000000002,0.1747,61.8,298.217142857,296.637142857,308.4,292.9,54.89,92.32,28.0333333333,10.366666666699999,33.6,21.7,36.9,4
2004-04-22,0.3742857,0.3308,0.2340333,113.62,297.78,296.771428571,304.0,293.9,90.3,94.78857142860001,28.0,10.65,34.5,22.5,39.6,6
2004-04-29,0.27884000000000003,0.16376670000000002,0.19118329999999997,65.82,297.127142857,296.708571429,303.5,293.6,133.17,97.8085714286,27.5333333333,8.666666666669999,32.9,22.6,148.5,7
2004-05-06,0.1575667,0.12154289999999998,0.19041429999999998,83.93,297.798571429,296.835714286,305.9,293.1,56.52,95.1157142857,27.2333333333,9.933333333330001,33.3,22.0,97.0,5
2004-05-13,0.1716667,0.1522333,0.15983329999999998,34.81,296.414285714,295.27,303.4,292.6,45.5,93.8971428571,27.3,8.4,33.0,19.5,91.8,8
2004-05-20,0.2254667,0.18515,0.1942,173.45,297.602857143,295.82,308.2,292.0,83.0,91.6271428571,26.65,7.4,34.2,22.5,296.9,6
2004-05-27,0.1903143,0.07784286,0.1931714,35.43,297.305714286,295.958571429,306.4,291.7,42.6,93.5757142857,27.075,8.45,33.3,20.5,28.2,5
2004-06-03,0.1073,0.1170667,0.1967857,88.62,296.767142857,295.697142857,304.1,292.8,36.63,94.69285714290001,27.5,9.5,32.8,19.8,203.0,6
2004-06-10,0.2378429,0.2350833,0.16695710000000002,85.28,295.57428571400004,294.99,300.0,293.0,51.89,96.8757142857,26.8,8.566666666669999,32.0,20.9,87.9,6
2004-06-17,0.3329571,0.191,0.2340429,94.52,296.20428571400004,294.705714286,306.0,292.1,24.5,92.37142857139999,25.9,8.4,33.3,21.5,43.2,13
2004-06-24,0.2392333,0.15354289999999998,0.13282860000000002,32.95,295.63428571400004,293.86,304.2,289.8,25.9,90.44714285709999,25.075,9.075,32.1,18.6,98.5,2
2004-07-01,0.2572143,0.32492859999999996,0.1978,46.39,296.151428571,295.041428571,304.4,291.8,50.7,94.6685714286,25.9,8.15,30.9,21.1,170.1,10
2004-07-08,0.3175571,0.3013857,0.27937140000000005,83.94,296.61714285700003,294.814285714,305.1,291.8,18.67,90.9057142857,26.55,8.85,32.0,21.8,43.2,3
2004-07-15,0.2328286,0.2737667,0.2338,48.09,297.50142857099996,294.358571429,306.9,291.4,24.76,85.1585714286,26.8,11.7,33.1,20.5,31.0,12
2004-07-22,0.2679429,0.2995,0.2177,53.78,296.812857143,294.99714285700003,304.4,291.8,25.42,90.92857142860001,26.3,8.8,32.1,21.9,103.1,7
2004-07-29,0.2089,0.1555,0.2203,85.96,296.017142857,294.471428571,306.1,291.7,27.62,92.52714285709999,26.433333333333334,8.966666666666667,32.9,19.4,6.0,6
2004-08-05,0.2489,0.2659571,0.21852860000000002,29.82,297.517142857,293.14428571400003,307.4,291.0,3.9,79.7185714286,26.566666666666666,9.133333333333335,34.0,18.3,55.1,5
2004-08-12,0.1910714,0.22699999999999998,0.1685286,18.44,296.53,292.222857143,307.2,288.1,4.1,79.2357142857,26.700000000000003,9.3,31.3,20.0,0.5,6
2004-08-19,0.39312859999999994,0.3286429,0.27677140000000006,23.78,297.82,293.421428571,308.3,290.2,7.9,78.4814285714,26.833333333333336,9.466666666666667,32.05,21.7,0.5,6
2004-08-26,0.3113,0.2609286,0.2330143,42.86,298.142857143,294.567142857,310.1,291.1,23.2,83.1728571429,26.96666666666667,9.633333333333335,32.8,20.4,0.0,6
2004-09-02,0.3343571,0.3720286,0.3420143,147.32,297.771428571,294.988571429,307.8,291.7,41.89,86.54,27.1,9.8,32.0,20.9,195.1,8
2004-09-09,0.13026669999999999,0.15128,0.1108143,46.58,298.457142857,296.11571428599996,308.2,294.7,35.7,88.74285714290001,27.4,8.7,34.3,23.0,23.2,6
2004-09-16,0.2680714,0.21022860000000002,0.22734290000000001,36.64,297.721428571,295.88,308.9,293.3,59.5,91.2,27.1666666667,9.5,33.0,20.4,87.3,9
2004-09-23,0.39153330000000003,0.3207286,0.15958570000000002,48.68,298.62857142900003,294.38285714299997,309.8,292.4,6.9,79.5571428571,28.0,13.5,34.7,18.8,20.1,12
2004-09-30,0.2754571,0.2193,0.26125709999999996,85.69,299.17,296.11571428599996,310.6,293.8,70.02,84.8071428571,28.65,13.1,35.5,21.8,40.1,19
2004-10-07,0.2614714,0.1862429,0.30572859999999996,52.27,297.56857142900003,295.314285714,305.5,292.7,39.9,88.8257142857,26.975,10.875,33.0,20.6,27.9,8
2004-10-14,0.35232859999999994,0.2841714,0.3764143,65.25,298.05714285700003,296.86714285700003,307.2,293.3,51.6,94.16,28.55,11.3,34.5,21.4,120.6,16
2004-10-21,0.2538429,0.1996667,0.3036857,35.61,299.428571429,296.29571428599996,309.6,292.8,23.1,85.0657142857,27.7,9.55,35.6,22.4,13.0,21
2004-10-28,0.29532859999999994,0.2312286,0.2604,74.01,298.44142857099996,295.907142857,312.3,292.2,48.5,87.87,27.4,10.0,35.8,21.3,89.9,6
2004-11-04,0.4148857,0.3245571,0.2727429,91.63,299.504285714,296.178571429,309.2,294.3,67.0,84.8271428571,28.35,12.35,34.9,21.8,101.4,22
2004-11-11,0.3466857,0.3154143,0.2708571,74.68,297.168571429,296.484285714,304.2,292.4,53.9,96.3542857143,27.2,8.9,33.7,22.4,184.2,37
2004-11-18,0.2278714,0.1945,0.19091429999999998,74.08,299.418571429,296.097142857,309.3,293.6,26.8,84.6114285714,28.25,11.0,35.8,22.5,107.4,33
2004-11-25,0.2153167,0.1672857,0.2026286,71.98,297.958571429,297.02,306.1,293.6,56.8,95.2514285714,28.0,10.36,35.3,22.6,77.0,18
2004-12-02,0.20194289999999998,0.15936670000000003,0.1590429,53.01,299.17714285700004,296.44,309.5,293.3,36.83,87.13,27.9,11.0,34.1,22.4,64.0,83
2004-12-09,0.32342859999999996,0.3095143,0.2758286,70.04,297.787142857,296.57428571400004,305.8,294.5,91.0,93.9385714286,28.1375,10.325,34.05,22.5,9.9,116
2004-12-16,0.2611429,0.20331429999999998,0.2437429,49.56,298.701428571,296.385714286,308.5,293.8,38.0,88.78,28.375,9.65,34.0,22.6,128.3,32
2004-12-23,0.3648625,0.3266,0.4031125,109.83,298.404285714,297.122857143,306.3,294.8,29.79,93.25285714290001,27.8,8.5,33.3,22.6,100.8,7
2005-01-08,0.3148429,0.1866286,0.3033,70.6,298.162857143,296.712857143,307.9,293.5,61.61,93.0057142857,28.5,9.1,33.2,23.0,74.9,10
2005-01-15,0.3044143,0.3612571,0.3126,93.73,297.662857143,296.727142857,307.6,291.6,96.21,95.53,28.4,10.4,34.2,22.5,232.1,5
2005-01-22,0.3459333,0.3118,0.29100000000000004,60.52,300.06857142900003,296.58,308.7,295.0,26.7,83.3,28.866666666700002,11.166666666700001,35.5,22.5,194.0,8
2005-01-29,0.3643667,0.2779143,0.2925571,25.67,299.648571429,296.93142857099997,308.1,294.9,42.24,87.31285714290001,28.866666666700002,12.066666666700002,35.1,22.1,0.0,7
2005-02-05,0.1582286,0.16725,0.15181429999999999,88.96,299.06142857099996,296.907142857,308.4,295.3,47.3,89.4271428571,28.525,10.725,35.4,22.2,3.8,8
2005-02-12,0.2151857,0.17281429999999998,0.2623,52.61,296.75285714299997,295.995714286,304.4,294.2,56.8,95.97714285709999,27.4666666667,8.73333333333,32.8,21.4,70.4,11
2005-02-19,0.1995,0.2024571,0.2189,125.35,298.027142857,297.221428571,304.6,294.5,189.06,95.7485714286,27.5,9.5,32.3,22.3,350.9,6
2005-02-26,0.2011,0.20814290000000002,0.28121430000000003,46.98,298.29571428599996,296.542857143,306.5,294.4,39.6,91.57714285709999,28.65,10.9,35.2,22.4,84.1,7
2005-03-05,0.2937167,0.2696167,0.2308,54.22,298.158571429,297.04571428599996,305.9,294.4,44.51,94.40142857139999,28.2666666667,9.2,33.8,23.3,19.0,7
2005-03-12,0.15584289999999998,0.1370833,0.2418714,155.54,297.957142857,297.528571429,304.9,295.6,201.4,97.68714285709999,26.8,6.7,34.8,23.4,8.6,14
2005-03-19,0.2515167,0.1817667,0.15452860000000002,162.51,297.314285714,295.85,304.5,291.9,21.7,92.2671428571,28.7,9.85,33.8,22.5,146.1,7
2005-03-26,0.2150714,0.2127,0.12092860000000001,99.37,298.37,296.25142857099996,306.6,294.7,32.8,89.82,27.72,8.96,33.4,22.5,108.8,9
2005-04-02,0.3816857,0.3683143,0.38377140000000004,55.12,297.37,296.088571429,308.6,293.0,67.5,93.8014285714,28.25,10.85,34.3,20.8,73.9,13
2005-04-09,0.3091143,0.2173571,0.3001,87.41,297.708571429,296.23571428599996,306.5,292.4,68.0,92.41714285709999,28.1,10.85,33.8,21.6,71.1,16
2005-04-16,0.1869333,0.14475710000000003,0.1957429,40.03,297.701428571,297.202857143,304.0,295.0,90.2,97.3228571429,27.65,9.35,32.9,22.5,3.6,7
2005-04-23,0.2082833,0.16491670000000003,0.2776667,37.6,297.437142857,296.961428571,306.4,294.0,178.2,97.3814285714,28.85,10.05,34.0,22.7,105.6,9
2005-04-30,0.2141,0.2315333,0.16168570000000002,78.8,297.92714285700004,297.402857143,303.9,294.1,54.9,97.16285714290001,28.6,9.1,33.8,23.7,14.5,2
2005-05-07,0.14653329999999998,0.1345833,0.13431429999999997,33.29,297.33,296.575714286,304.8,293.3,64.1,95.93714285709999,25.8,7.5,33.5,21.0,13.0,13
2005-05-14,0.2484333,0.2341,0.20206670000000002,49.07,298.684285714,296.341428571,306.7,293.6,54.89,88.2942857143,27.9,11.6,34.6,21.0,28.0,8
2005-05-21,0.2700857,0.17375710000000003,0.21045709999999998,56.22,297.532857143,296.352857143,304.9,293.6,49.1,93.9185714286,27.65,10.149999999999999,33.2,23.6,95.9,3
2005-05-28,0.3118143,0.3585429,0.2806571,43.14,299.005714286,295.804285714,308.1,294.0,21.1,84.6585714286,27.4,8.7,33.6,22.4,37.9,5
2005-06-04,0.3782857,0.3693714,0.3631857,61.75,298.434285714,295.678571429,307.3,292.7,34.92,86.70142857139999,27.25,8.933333333335,33.9,20.9,78.9,4
2005-06-11,0.13951429999999998,0.1401,0.14235,40.44,297.304285714,296.227142857,303.9,293.7,51.0,94.59285714290002,27.1,9.166666666669999,32.4,22.0,19.5,8
2005-06-18,0.2890857,0.2256429,0.2247143,104.83,297.377142857,295.32,304.8,293.4,29.01,89.19428571430001,27.6666666667,9.833333333330001,33.3,22.0,73.7,2
2005-06-25,0.2915571,0.2460714,0.3518571,50.88,297.857142857,294.64428571400003,307.7,291.9,11.0,84.4671428571,27.35,9.55,32.8,22.4,89.2,3
2005-07-02,0.2747143,0.1780143,0.2843143,23.6,296.82,294.408571429,307.4,292.4,26.6,88.38714285709999,26.8333333333,8.76666666667,33.7,20.8,92.0,5
2005-07-09,0.2008,0.20106670000000001,0.1622667,43.24,297.86571428599996,294.528571429,308.3,290.4,23.91,84.6928571429,27.8,10.7,34.5,21.6,40.9,7
2005-07-16,0.38692859999999996,0.3350571,0.3298429,109.71,296.988571429,292.23,308.2,288.3,8.7,77.3728571429,27.8,11.1333333333,34.2,17.6,167.1,3
2005-07-23,0.1680286,0.1343286,0.1865571,27.33,297.794285714,292.455714286,307.7,287.5,8.9,75.6971428571,26.55,12.7,33.8,18.2,0.0,5
2005-07-30,0.3474857,0.2537,0.2769571,42.32,296.898571429,293.75,306.3,290.1,15.3,84.2385714286,21.4,5.7,32.3,18.5,71.1,6
2005-08-06,0.32868569999999997,0.3132571,0.2262143,0.0,298.221428571,293.035714286,308.2,292.6,8.64,75.5714285714,26.25,10.6,32.3,19.2,0.0,5
2005-08-13,0.28264290000000003,0.2270286,0.2825571,38.17,298.92571428599996,293.64,309.7,293.5,1.99,74.8557142857,27.325,11.85,33.5,19.8,36.6,5
2005-08-20,0.2669857,0.2939286,0.336,17.85,299.60571428599997,291.778571429,310.5,290.7,6.0,64.6585714286,27.5375,12.475,32.8,17.3,69.6,4
2005-08-27,0.3288,0.2715571,0.2723,69.62,298.428571429,294.945714286,309.0,292.9,15.82,83.8542857143,27.75,13.1,35.0,20.3,127.0,0
2005-09-03,0.45683329999999994,0.3595833,0.35945,12.81,298.184285714,293.918571429,308.6,292.4,11.0,79.6471428571,26.8,10.25,35.2,21.4,37.0,0
2005-09-10,0.33542859999999997,0.20071429999999998,0.3228857,36.98,300.05857142900004,294.005714286,309.3,293.4,4.2,71.9714285714,26.45555555556667,10.9111111111,34.9,21.8,44.0,0
2005-09-17,0.23942860000000002,0.2148714,0.2390429,18.66,298.88,295.658571429,307.3,292.9,35.3,83.73,26.111111111133333,11.572222222199999,34.6,19.35,1.3,0
2005-09-24,0.18456670000000003,0.19525710000000002,0.15438570000000001,2.56,298.49857142900004,293.555714286,309.1,292.4,13.7,76.5957142857,25.7666666667,12.2333333333,34.3,16.9,38.1,0
2005-10-01,0.4054167,0.42877139999999997,0.3706,29.8,301.17571428599996,293.75285714299997,314.0,294.8,4.2,67.2128571429,28.65,13.5,37.1,20.7,59.45,2
2005-10-08,0.3321571,0.34636669999999997,0.2586143,54.7,299.11,293.897142857,312.7,292.1,4.6,74.9528571429,28.8,14.9,36.3,21.0,80.8,4
2005-10-15,0.37342859999999994,0.2774833,0.37422859999999997,60.0,299.515714286,294.385714286,313.2,293.2,22.2,75.50857142859999,28.5,11.8,37.0,22.3,233.2,4
2005-10-22,0.3072571,0.2782143,0.35482859999999994,73.97,299.578571429,295.768571429,310.5,291.9,35.08,81.69142857140001,29.1,12.7,36.5,21.7,64.0,3
2005-10-29,0.36355709999999997,0.3000429,0.28982859999999994,100.06,298.065714286,295.802857143,307.4,294.0,59.7,89.14285714290001,28.3,10.95,34.3,21.3,235.2,3
2005-11-05,0.1875714,0.2133714,0.1718571,59.15,299.458571429,296.805714286,308.6,294.9,49.85,87.23142857139999,28.2333333333,10.3,34.3,21.8,102.1,5
2005-11-12,0.3938,0.29862859999999997,0.4019857,75.36,298.6,296.36,309.4,292.9,143.8,89.31,27.916666666650002,10.225000000000001,34.6,22.3,8.9,6
2005-11-19,0.4424286,0.3481714,0.3430714,49.87,298.31,296.895714286,307.2,295.0,45.0,93.1771428571,27.6,10.15,34.5,21.5,139.5,14
2005-11-26,0.28257140000000003,0.2206,0.2882143,72.34,299.412857143,297.39428571400003,309.1,295.2,63.53,90.34857142860001,28.5,11.0,35.0,21.8,5.1,3
2005-12-03,0.3178143,0.3027,0.3369429,78.52,299.42,296.612857143,307.6,294.1,34.95,86.40857142860001,28.2666666667,11.4,34.3,21.7,77.9,7
2005-12-10,0.3585857,0.2194857,0.2579143,60.5,299.217142857,296.657142857,308.4,295.4,71.8,87.7214285714,28.1,12.5,34.8,21.5,54.1,11
2005-12-17,0.19844289999999998,0.1941,0.19301429999999997,46.91,298.57428571400004,297.187142857,307.0,295.4,46.9,92.9571428571,28.1,11.55,34.0,22.3,6.0,2
2005-12-24,0.180575,0.1413333,0.2552833,151.0,298.021428571,297.19142857099996,304.4,295.5,113.36,95.6742857143,28.3,9.9,33.6,22.9,81.1,6
2006-01-01,0.3546,0.21995,0.3225167,114.58,298.18142857099997,296.935714286,306.5,294.9,210.5,93.82142857139999,27.45,9.7,32.7,22.4,273.5,8
2006-01-08,0.19951429999999998,0.2393429,0.2276571,38.78,298.832857143,292.87857142900003,307.8,292.4,15.2,73.16142857140001,27.615000000000002,10.35,34.5,19.7,70.1,25
2006-01-15,0.2284,0.20207139999999998,0.19475,138.46,298.728571429,296.37142857099997,307.7,293.5,47.6,88.33571428569999,27.78,11.0,34.5,21.4,60.1,21
2006-01-22,0.1743,0.13364289999999998,0.11175710000000001,88.85,298.46,296.321428571,307.3,295.0,52.2,89.9557142857,27.54,9.975,33.8,21.5,54.8,10
2006-01-29,0.1517667,0.1377,0.1478,49.32,297.18857142900004,295.777142857,304.8,294.4,52.2,93.11428571430001,27.3,8.95,33.5,22.3,250.9,28
2006-02-05,0.3791143,0.30532859999999995,0.34597140000000004,34.17,297.16571428599997,296.647142857,302.7,294.3,63.98,97.32,27.65,8.875,33.7,21.5,118.9,39
2006-02-12,0.2568143,0.13605,0.1978286,71.87,297.64,296.80857142900004,304.2,294.0,67.0,95.82714285709999,28.0,8.8,32.6,23.6,101.1,20
2006-02-19,0.3827,0.2506,0.2436571,44.35,297.064285714,295.364285714,305.2,292.8,33.0,91.09857142860001,28.6,8.9,33.8,24.2,0.0,24
2006-02-26,0.2621143,0.1248,0.2153571,23.44,298.93857142900004,295.961428571,308.3,292.9,72.2,86.0314285714,28.24,10.64,34.3,21.3,0.3,28
2006-03-05,0.1786667,0.19593329999999998,0.14126670000000002,79.13,298.25285714299997,296.76428571400004,306.9,295.1,50.38,92.6057142857,27.4333333333,9.566666666669999,32.9,21.9,26.9,26
2006-03-12,0.4246286,0.4113,0.3731857,94.99,297.92571428599996,297.207142857,304.0,294.7,130.6,96.36,28.0,9.55,33.3,21.9,93.0,8
2006-03-19,0.1924286,0.1158857,0.1940571,121.69,297.93142857099997,296.581428571,305.3,294.5,58.83,93.3471428571,27.975,9.2,33.7,22.4,16.0,9
2006-03-26,0.2885667,0.17954,0.2972714,120.62,297.494285714,296.29571428599996,305.3,292.5,70.0,93.7871428571,27.4,8.7,32.3,23.0,97.0,12
2006-04-02,0.24505,0.18885,0.22353330000000002,121.46,298.04,297.067142857,304.9,294.8,88.81,95.0242857143,28.3,10.0,33.7,22.0,53.9,18
2006-04-09,0.24167139999999998,0.2054,0.15601429999999997,41.68,297.77428571400003,296.047142857,308.3,293.8,87.9,91.8114285714,27.9333333333,10.266666666699999,33.7,22.6,178.1,9
2006-04-16,0.30112859999999997,0.2650571,0.2553143,75.33,297.825714286,296.965714286,305.5,292.9,66.46,95.51,28.3,10.3,33.9,21.4,49.0,9
2006-04-23,0.3309,0.2654714,0.3195571,69.6,298.06142857099996,296.457142857,306.4,293.9,54.86,92.1114285714,27.4,8.35,32.8,22.5,11.9,6
2006-04-30,0.2055714,0.23605,0.19191429999999998,74.93,296.85,295.051428571,305.3,291.7,39.6,90.86428571430001,27.0,8.46666666667,33.5,19.5,34.0,6
2006-05-07,0.1516,0.0846,0.17631429999999998,65.07,297.63,296.38428571400004,306.3,293.6,38.84,93.63571428569999,27.85,9.1,33.3,22.5,115.0,8
2006-05-14,0.2866571,0.18715710000000002,0.2665143,127.24,296.184285714,295.452857143,304.3,291.8,70.0,96.09857142860001,24.3,5.2,32.3,21.7,270.9,5
2006-05-21,0.3392857,0.3482857,0.31582859999999996,1.52,296.054285714,290.088571429,305.6,287.2,0.1,72.0342857143,25.2,11.7,31.7,19.4,2.0,7
2006-05-28,0.2065143,0.11714289999999998,0.1692714,91.4,297.992857143,293.777142857,307.7,288.8,12.47,80.38571428569999,27.4666666667,10.4333333333,34.0,21.7,83.0,6
2006-06-04,0.09837143,0.1010667,0.1863143,79.48,295.987142857,294.55714285700003,304.1,291.3,44.65,92.5057142857,25.6,8.933333333330001,31.9,19.3,150.2,5
2006-06-11,0.3404429,0.1908571,0.3513429,130.66,297.044285714,295.695714286,307.2,292.3,37.6,93.4757142857,26.2,8.6,33.0,21.5,105.2,3
2006-06-18,0.1732714,0.185,0.1369286,84.99,297.42714285700004,294.75,307.2,290.3,21.5,87.2142857143,28.1,12.7,34.4,21.4,79.5,1
2006-06-25,0.22138000000000002,0.22336,0.3714167,71.69,296.724285714,294.275714286,306.3,289.5,27.29,88.4714285714,26.6,10.35,32.5,20.4,74.9,0
2006-07-02,0.3118571,0.20393329999999998,0.33602859999999996,17.21,296.851428571,293.517142857,307.2,289.2,9.16,83.4671428571,27.2,10.3,33.4,19.8,21.9,1
2006-07-09,0.32017140000000005,0.2081,0.2921143,20.72,296.448571429,294.592857143,304.8,292.6,13.62,90.4328571429,26.7,9.4,33.0,21.7,110.6,2
2006-07-16,0.3499857,0.2920429,0.28845709999999997,1.17,297.62142857099997,292.832857143,306.7,292.1,1.8,77.27142857140001,26.25,10.4,33.1,20.6,0.5,3
2006-07-23,0.3602857,0.341,0.3629571,54.72,297.397142857,294.258571429,307.3,291.8,40.0,85.14,27.4,12.125,34.1,19.9,47.0,2
2006-07-30,0.3186857,0.3523429,0.3766429,28.66,297.504285714,293.26,307.7,289.7,15.4,79.7428571429,26.6,11.04,32.6,18.5,11.4,2
2006-08-06,0.20168570000000002,0.1625571,0.2003286,44.96,297.51,295.2,308.4,292.7,38.07,88.7071428571,27.225,11.625,34.2,19.7,4.0,2
2006-08-13,0.4397857,0.3675857,0.3333143,11.79,297.5,293.08,308.9,291.0,12.39,79.2428571429,27.6,12.2,33.9,19.4,26.6,2
2006-08-20,0.2908,0.238675,0.2856571,47.74,298.648571429,295.54571428599996,307.9,294.6,22.19,84.62,27.6666666667,10.4333333333,33.3,20.9,75.5,2
2006-08-27,0.2736429,0.20894290000000001,0.2408857,68.6,298.73571428599996,295.14428571400003,308.7,292.5,23.6,83.0471428571,27.3,10.3,34.9,20.9,71.1,4
2006-09-03,0.3097833,0.35012859999999996,0.28468330000000003,68.0,298.28,295.272857143,310.0,293.1,22.24,85.3728571429,26.5,10.0333333333,33.2,20.3,176.0,0
2006-09-10,0.2277857,0.2833143,0.2443714,90.33,299.265714286,293.902857143,310.3,290.2,9.4,75.53,27.42,12.0,34.1,20.6,15.3,6
2006-09-17,0.28004,0.2367167,0.2361833,111.87,297.802857143,293.037142857,308.7,291.9,16.4,77.2542857143,28.35,11.85,35.0,17.8,0.5,3
2006-09-24,0.3807286,0.3783667,0.3023,82.2,299.34,294.35,311.2,291.5,35.7,77.5142857143,27.9333333333,10.933333333299998,34.8,21.4,93.9,2
2006-10-01,0.4655,0.2415429,0.4734,134.64,299.38142857099996,295.738571429,308.6,294.3,44.62,82.8457142857,28.5666666667,12.4,35.2,22.0,63.0,6
2006-10-08,0.35495,0.2479333,0.3508143,60.48,299.465714286,295.16,310.3,292.0,24.8,80.49,28.7,14.5,35.9,21.1,68.9,2
2006-10-15,0.15561670000000002,0.19152,0.2151857,41.69,299.345714286,296.75142857099996,309.5,293.8,29.5,86.8528571429,28.06,10.1,33.7,22.1,162.6,7
2006-10-22,0.3215,0.2769,0.2100857,103.77,299.648571429,297.76428571400004,308.1,295.7,55.5,90.37857142860001,28.6,10.1,35.4,22.8,8.1,4
2006-10-29,0.4882286,0.3681429,0.4377429,55.94,298.794285714,296.661428571,308.3,294.0,54.8,89.7,27.56,10.42,33.8,19.8,143.3,6
2006-11-05,0.36032859999999994,0.2740143,0.3477143,67.5,300.467142857,296.88285714299997,309.8,295.1,42.73,82.9342857143,28.8333333333,11.2666666667,35.7,22.0,14.0,6
2006-11-12,0.29512859999999996,0.24638569999999999,0.30207140000000005,80.25,299.432857143,297.852857143,307.8,295.3,68.0,92.0885714286,28.25,9.55,33.9,22.4,108.7,2
2006-11-19,0.3191429,0.18628570000000003,0.2737,86.65,297.29571428599996,296.201428571,304.5,293.5,87.2,94.44,27.6,10.1666666667,33.2,21.8,85.6,13
2006-11-26,0.3405571,0.26625709999999997,0.34272859999999994,43.59,298.098571429,296.961428571,307.3,294.7,61.43,94.30285714290001,27.0,9.0,32.3,22.5,205.3,10
2006-12-03,0.1504714,0.1515714,0.1926,75.33,299.197142857,296.988571429,309.1,294.0,61.28,89.55,27.9,9.03333333333,34.9,22.9,115.1,5
2006-12-10,0.44708329999999996,0.3015143,0.3405714,99.89,298.202857143,297.608571429,304.6,294.6,95.02,96.7957142857,28.4,8.8,33.7,23.2,10.9,2
2006-12-17,0.3785,0.3020333,0.34922859999999994,157.75,298.158571429,297.351428571,304.4,294.2,63.0,95.8757142857,27.827272727272728,8.529545454545454,33.8,23.35,49.877272727272725,0
2006-12-24,0.32782,0.26192,0.3814667,111.48,297.68,296.72571428599997,306.7,294.3,80.2,95.0785714286,27.254545454545454,8.25909090909091,32.9,23.5,88.85454545454546,1
2007-01-01,0.2201167,0.15895710000000002,0.1905714,79.94,297.288571429,296.517142857,306.3,293.2,88.9,95.9271428571,26.6,7.95,31.9,21.5,133.4,0
2007-01-08,0.17328570000000001,0.20693330000000001,0.1343,37.06,297.104285714,296.388571429,304.6,294.6,144.59,96.23857142860001,26.825,7.725,31.7,22.9,61.5,14
2007-01-15,0.2719,0.2938,0.2094143,126.89,297.387142857,296.388571429,305.5,293.3,52.2,94.6471428571,27.775,9.55,33.4,22.2,178.0,6
2007-01-22,0.1936714,0.1394714,0.2619,95.47,297.614285714,297.025714286,303.7,294.9,180.99,96.99714285709999,27.7,9.12,33.6,22.0,149.9,10
2007-01-29,0.17441429999999997,0.1805,0.1590714,83.7,298.14428571400003,296.77428571400003,307.8,294.3,65.1,93.13571428569999,27.725,10.3,35.0,22.3,60.3,5
2007-02-05,0.3175,0.4014857,0.3285429,61.8,298.33,295.77,309.7,293.4,11.7,87.53,28.6,10.9,35.4,22.4,9.9,12
2007-02-12,0.2858,0.2957,0.2570286,14.19,299.171428571,294.15,308.7,291.4,2.1,75.80428571430001,28.85,13.0333333333,36.7,21.4,61.3,9
2007-02-19,0.25701430000000003,0.11823330000000001,0.17908570000000001,25.7,300.565714286,294.16571428599997,310.2,294.4,11.55,72.44571428569999,28.74,13.36,36.2,21.2,0.0,5
2007-02-26,0.1735,0.19963329999999999,0.1745,55.56,299.05857142900004,294.29,309.2,291.5,35.33,78.58571428569999,28.56,13.34,35.8,20.4,28.0,11
2007-03-05,0.21600000000000003,0.2136,0.18891429999999998,117.07,297.45,296.317142857,305.8,293.4,227.25,94.34857142860001,27.3,9.9,33.0,21.9,205.3,2
2007-03-12,0.3033167,0.2850333,0.2571429,55.47,296.951428571,296.301428571,303.8,293.8,51.3,96.52285714290001,28.0,10.1,33.1,21.7,138.0,6
2007-03-19,0.21324,0.2231286,0.26437140000000003,150.33,297.684285714,295.89,305.4,292.6,59.2,90.8585714286,27.0,10.65,33.9,21.7,252.7,7
2007-03-26,0.2386714,0.2447429,0.2162286,93.14,297.835714286,296.56,307.2,292.8,58.4,93.58571428569999,28.25,9.6,34.6,21.5,66.1,6
2007-04-02,0.2381,0.1912,0.2749571,97.04,297.717142857,296.921428571,305.5,294.3,238.2,95.82,27.2666666667,8.833333333330001,34.0,22.6,94.3,5
2007-04-09,0.1525167,0.14948570000000003,0.22941430000000002,98.94,297.555714286,296.68857142900004,304.1,292.4,147.57,95.52714285709999,27.85,8.85,34.4,21.3,60.4,9
2007-04-16,0.1430857,0.20715709999999998,0.16845710000000003,93.62,297.031428571,296.01428571400004,304.8,292.0,46.45,94.7214285714,27.4,9.5,33.5,22.1,97.1,5
2007-04-23,0.27137140000000004,0.18365710000000002,0.203,157.86,297.342857143,296.50285714299997,304.9,292.9,62.3,95.52571428569999,27.0333333333,7.766666666669999,34.1,22.0,261.7,8
2007-04-30,0.19471429999999998,0.1541,0.2957143,103.39,297.22571428599997,295.94285714299997,304.7,293.6,47.24,93.47,27.85,9.75,33.0,21.0,118.2,3
2007-05-07,0.1582571,0.16228570000000003,0.1830714,89.15,296.905714286,295.994285714,306.6,291.7,56.1,95.0371428571,28.1,9.2,33.5,21.5,38.1,4
2007-05-14,0.17018570000000002,0.1714,0.162,45.23,295.595714286,294.012857143,304.4,290.7,86.9,91.83285714290001,28.1,8.7,32.5,19.0,191.4,11
2007-05-21,0.3646143,0.2568286,0.3299,64.11,297.232857143,296.168571429,307.3,292.5,65.6,94.8528571429,28.25,10.55,33.8,21.7,86.6,5
2007-05-28,0.09005714,0.08222857,0.11105710000000002,76.68,296.178571429,294.038571429,306.8,286.9,29.1,89.28,24.7,10.633333333300001,32.8,17.5,61.8,8
2007-06-04,0.2085,0.25695,0.2148833,39.11,296.861428571,295.23,305.2,292.1,33.48,91.72,26.5,9.7,31.3,20.4,0.5,4
2007-06-11,0.3420714,0.2853,0.3405571,54.78,296.65,294.928571429,304.8,290.3,30.9,91.45857142860001,26.6,9.65,32.6,20.7,12.9,3
2007-06-18,0.1667,0.1207857,0.1729714,78.83,296.11857142900004,294.971428571,304.4,292.8,70.3,94.0657142857,25.9666666667,7.6,32.0,21.2,126.0,1
2007-06-25,0.1534571,0.1744571,0.20221429999999999,11.41,296.571428571,295.178571429,305.0,292.7,22.8,92.6714285714,26.5666666667,8.63333333333,31.7,20.7,10.2,2
2007-07-02,0.1814429,0.2692286,0.19345710000000002,1.59,296.828571429,292.17714285700004,305.8,290.2,1.4,78.0742857143,25.9,10.5666666667,32.0,19.6,32.150000000000006,3
2007-07-09,0.3217667,0.2734,0.2545,18.78,297.385714286,293.93142857099997,306.9,290.7,13.04,83.3871428571,26.75,10.375,32.7,19.9,54.1,4
2007-07-16,0.30755709999999997,0.3397,0.36424290000000004,26.29,296.05857142900004,294.94142857099996,303.6,291.1,39.52,94.24714285709999,26.5333333333,7.833333333330001,31.3,20.9,22.9,1
2007-07-23,0.35897140000000005,0.4017571,0.2960857,27.91,297.64,294.345714286,308.2,290.1,11.64,84.1557142857,27.35,10.1,33.2,20.7,11.9,8
2007-07-30,0.4172286,0.36992859999999994,0.36697140000000006,70.88,296.724285714,293.0,305.6,290.0,25.5,82.5714285714,24.25,9.75,34.0,16.4,55.9,5
2007-08-06,0.2782429,0.2361286,0.2923,35.77,297.82,292.708571429,308.2,289.7,6.08,76.61857142859999,26.475,12.0,32.7,17.2,30.3,3
2007-08-13,0.2666667,0.2719333,0.2438857,36.78,298.091428571,294.07285714299996,308.0,291.8,9.21,80.9357142857,26.9,11.0,33.1,21.3,76.5,2
2007-08-20,0.33937140000000005,0.35697140000000005,0.32912859999999994,9.06,298.785714286,294.195714286,308.1,294.3,12.4,79.33428571430001,27.125,10.825,33.3,19.9,22.1,7
2007-08-27,0.27878569999999997,0.2463571,0.2349857,30.26,300.667142857,293.124285714,312.4,293.4,12.8,67.7571428571,27.05,12.175,34.7,19.9,0.0,1
2007-09-03,0.27955,0.2826857,0.3277143,76.28,297.098571429,295.682857143,304.4,293.5,56.85,92.65714285709998,26.3,7.9,34.0,20.9,37.1,6
2007-09-10,0.2888167,0.28895709999999997,0.2660714,49.85,298.56,295.162857143,308.6,293.0,26.2,84.4128571429,26.9,10.625,32.9,21.4,150.9,7
2007-09-17,0.31565709999999997,0.3545,0.3326429,58.22,298.508571429,295.83428571400003,309.2,293.3,34.27,86.7071428571,27.2,10.833333333299999,33.0,21.6,16.3,5
2007-09-24,0.2309,0.23634290000000002,0.2308857,59.79,299.698571429,295.3,310.6,292.7,10.3,78.5642857143,27.8333333333,11.7,34.1,21.1,34.0,2
2007-10-01,0.3199714,0.2544167,0.3151,37.28,298.281428571,296.287142857,310.8,294.7,73.33,89.8442857143,28.4,12.65,35.5,21.6,107.9,6
2007-10-08,0.3851857,0.4050714,0.3106286,39.09,299.575714286,295.447142857,309.6,294.8,38.28,80.45,28.4,10.6,34.2,21.8,145.1,11
2007-10-15,0.2251286,0.1505143,0.1959857,74.52,299.444285714,296.587142857,310.2,295.0,86.4,86.7057142857,29.0,12.3,35.2,21.9,4.1,6
2007-10-22,0.40347140000000004,0.3202286,0.4087,106.73,296.971428571,295.96,305.1,291.9,67.93,94.7814285714,26.9,9.36666666667,32.1,20.9,79.3,3
2007-10-29,0.2657429,0.2856,0.2923143,51.28,297.83,296.978571429,306.3,293.7,67.47,95.59285714290002,27.0,9.36666666667,34.0,21.6,0.0,11
2007-11-05,0.3334571,0.32425709999999996,0.2469,69.88,299.478571429,296.24857142900004,308.5,294.3,50.6,84.85,28.7,11.433333333299998,34.8,22.5,22.1,11
2007-11-12,0.1784286,0.12875,0.2167714,109.5,298.13428571400004,296.83,308.6,294.6,103.3,93.55428571430001,27.675,10.85,33.5,21.6,111.3,5
2007-11-19,0.2284714,0.18865710000000002,0.2345571,52.27,297.68142857099997,296.93857142900004,305.7,294.3,124.2,96.2142857143,26.62,7.86,33.3,21.8,80.0,4
2007-11-26,0.16564,0.1793,0.1276,129.33,297.88,297.217142857,305.2,294.4,65.57,96.52285714290001,27.125,8.35,32.3,22.4,293.1,9
2007-12-03,0.29937140000000007,0.3367143,0.2615857,73.16,298.52,296.904285714,305.5,294.3,57.8,91.6542857143,27.9,10.0,33.0,22.8,142.0,23
2007-12-10,0.3138333,0.2335143,0.2426,83.39,299.048571429,296.261428571,307.8,294.3,42.68,86.7557142857,28.85,10.25,34.2,22.6,23.1,28
2007-12-17,0.2698,0.2756857,0.2755143,146.13,297.141428571,296.397142857,306.6,293.3,89.72,96.0742857143,27.625,9.0,32.9,22.4,261.3,26
2007-12-24,0.1992,0.19476670000000001,0.17111110000000002,53.57,297.64,296.36857142900004,304.9,294.3,62.14,93.4685714286,27.7,8.75,32.1,21.7,28.1,7
2008-01-01,0.19147139999999999,0.15541429999999998,0.17601429999999998,19.95,299.277142857,294.668571429,308.2,294.1,21.4,78.67,28.275,11.575,36.0,21.5,68.79333333333334,29
2008-01-08,0.4449333,0.27585,0.3569,71.84,296.095714286,295.2,302.1,293.3,62.61,95.28,25.8,6.3,31.4,22.6,104.4,58
2008-01-15,0.1882286,0.2208286,0.2332429,95.97,298.034285714,297.09,305.5,292.4,63.92,94.9685714286,27.4333333333,9.46666666667,33.8,21.8,125.3,26
2008-01-22,0.27797140000000004,0.32492859999999996,0.2219143,102.59,297.207142857,296.25,304.8,294.8,93.43,95.1257142857,27.5,9.183333333335,31.3,21.9,46.3,38
2008-01-29,0.35195,0.37057140000000005,0.3138,110.0,298.398571429,297.011428571,307.6,294.2,66.0,93.0,27.5666666667,8.9,32.2,22.8,121.2,35
2008-02-05,0.2256429,0.17075,0.1981,38.72,299.49,294.62857142900003,308.4,293.5,28.0,78.13142857140001,27.866666666700002,11.1,34.5,20.5,5.1,37
2008-02-12,0.17394289999999998,0.1989167,0.1684286,47.23,297.77,296.922857143,306.0,294.8,103.22,95.7071428571,26.6,8.03333333333,31.7,22.1,9.2,20
2008-02-19,0.24095,0.2236,0.1620429,122.64,297.095714286,295.608571429,304.1,292.9,33.9,92.37,28.0,10.8,33.4,22.0,115.3,29
2008-02-26,0.3493143,0.2227286,0.2677286,101.33,296.964285714,296.38142857099996,302.3,294.1,70.83,96.9271428571,26.85,8.35,32.5,22.5,127.6,25
2008-03-04,0.16974289999999997,0.1386667,0.17005710000000002,210.83,297.754285714,295.52,307.9,293.3,39.1,88.97285714290001,27.18,8.88,33.3,21.9,119.6,23
2008-03-11,0.1292429,0.1729571,0.12602860000000002,96.05,298.017142857,295.9,305.5,293.0,32.17,89.26857142860001,26.25,7.8,33.2,22.2,64.4,9
2008-03-18,0.2383333,0.2327286,0.12394289999999998,91.87,296.755714286,295.47571428599997,305.0,293.3,90.5,93.45142857139999,26.575,8.033333333335,31.7,22.0,100.9,3
2008-03-25,0.3366,0.3042143,0.3229,62.13,297.094285714,295.948571429,303.7,293.1,53.36,94.0742857143,26.9,8.26666666667,31.7,22.6,282.7,6
2008-04-01,0.2700833,0.1902714,0.19065710000000002,107.0,297.694285714,295.854285714,305.4,293.7,24.9,90.9571428571,27.866666666700002,9.0,33.4,22.5,21.1,6
2008-04-08,0.2843571,0.3536714,0.3217857,71.45,297.537142857,296.63285714299997,306.1,292.8,99.96,95.15714285709998,28.3,9.0,32.8,21.0,53.1,3
2008-04-15,0.3026143,0.24467139999999998,0.29631430000000003,79.74,297.447142857,295.935714286,305.5,293.8,45.96,92.1242857143,26.8,8.1,33.6,21.7,61.0,1
2008-04-22,0.2706,0.3713143,0.34422859999999994,42.05,296.76,296.38285714299997,301.9,293.7,62.52,97.9714285714,26.65,7.7,33.0,21.6,85.9,3
2008-04-29,0.06172857,0.1339,0.09471429,42.12,298.07285714299996,296.741428571,306.3,293.1,115.99,93.66285714290001,27.866666666700002,8.0,32.5,22.7,31.2,1
2008-05-06,0.1361571,0.16315710000000003,0.1391571,50.5,295.97571428599997,294.66571428599997,304.5,290.6,47.1,93.15857142860001,26.6,8.96666666667,32.4,20.6,18.0,1
2008-05-13,0.19638570000000002,0.29632,0.2641571,30.08,294.85,293.244285714,304.4,288.5,18.08,91.5042857143,26.1666666667,7.9,31.0,18.0,6.1,0
2008-05-20,0.22101669999999998,0.2353167,0.1804429,45.69,296.268571429,295.638571429,303.4,291.7,59.4,96.62142857139999,26.35,8.85,31.5,21.4,58.2,2
2008-05-27,0.12245,0.1571,0.086,72.04,296.741428571,295.994285714,304.1,293.8,134.66,96.02571428569999,27.2,9.2,32.3,21.7,76.1,1
2008-06-03,0.19518570000000002,0.15771429999999997,0.1844286,30.09,296.4,295.21,304.4,292.2,73.01,93.9828571429,26.9,7.55,31.1,20.4,13.6,1
2008-06-10,0.29374290000000003,0.2643667,0.2466286,13.27,296.187142857,293.891428571,305.8,288.2,12.9,88.81,26.857142857142858,7.867857142857143,31.28571428571429,17.8,6.4,0
2008-06-17,0.2240286,0.1754714,0.2656571,111.18,296.742857143,295.934285714,304.4,293.8,57.87,95.86,26.814285714285713,8.185714285714285,31.47142857142857,21.0,79.8,0
2008-06-24,0.1970429,0.2779833,0.21394290000000002,89.88,296.458571429,295.19285714299997,304.8,291.2,61.8,93.7957142857,26.771428571428572,8.503571428571428,31.65714285714286,18.0,93.5,1
2008-07-01,0.30482859999999995,0.2336714,0.2489143,0.0,296.542857143,293.83,304.9,290.7,9.4,86.5242857143,26.728571428571428,8.821428571428571,31.84285714285714,20.8,1.3,0
2008-07-08,0.15385,0.14958570000000002,0.3294429,0.0,296.54571428599996,293.594285714,305.9,290.5,7.47,85.6557142857,26.685714285714287,9.139285714285714,32.028571428571425,21.0,0.0,3
2008-07-15,0.2323857,0.21395709999999998,0.2203,62.84,296.078571429,294.69142857099996,304.6,291.8,27.33,93.05571428569999,26.642857142857142,9.457142857142857,32.214285714285715,21.0,44.2,3
2008-07-22,0.3270167,0.2091167,0.2837667,52.36,296.54571428599996,295.00285714299997,306.8,287.8,47.59,92.77714285709999,26.6,9.775,32.4,20.8,18.1,1
2008-07-29,0.3548,0.34655,0.2674167,44.63,297.044285714,295.37,307.5,292.9,39.0,92.04857142860001,26.68,11.24,33.4,20.6,36.4,5
2008-08-05,0.2002,0.2513857,0.2113429,32.45,297.31,295.505714286,307.4,292.6,143.35,91.09285714290002,27.4,12.1,34.2,18.5,18.1,2
2008-08-12,0.4303714,0.4330143,0.4369143,26.03,297.214285714,295.347142857,305.6,292.7,39.69,90.72714285709999,27.9,11.225,34.8,19.8,11.0,5
2008-08-19,0.2833,0.30447140000000006,0.2744571,12.88,299.228571429,294.418571429,310.2,291.8,33.0,78.2771428571,28.0,14.075,38.6,19.2,7.9,5
2008-08-26,0.3181857,0.3197667,0.30817140000000004,58.2,298.57428571400004,295.092857143,310.4,292.7,37.0,84.49142857140001,27.8333333333,12.5333333333,35.1,20.4,44.0,5
2008-09-02,0.3398,0.3691,0.2888,34.59,298.531428571,294.861428571,309.3,293.2,29.0,83.05,27.35,13.225,36.2,20.4,8.1,9
2008-09-09,0.2319,0.27625,0.2612,86.14,296.921428571,295.484285714,305.9,293.4,59.1,92.6528571429,27.9666666667,12.583333333299999,36.2,20.8,16.5,17
2008-09-16,0.2168,0.2773333,0.20893330000000002,65.43,297.588571429,295.30714285700003,306.7,292.1,53.5,88.52571428569999,27.8,11.6,35.6,20.7,50.1,19
2008-09-23,0.41495,0.36342859999999994,0.3224,61.38,297.66,295.49,309.3,292.7,63.27,90.18142857139999,27.75,12.45,37.0,20.8,26.9,25
2008-09-30,0.3930857,0.37827140000000004,0.3437,24.28,299.178571429,294.761428571,310.2,292.4,121.3,79.5028571429,28.89166666665,13.20833333335,36.0,19.6,1.0,45
2008-10-07,0.1605571,0.1638714,0.19493329999999998,69.47,300.101428571,295.361428571,310.4,294.0,53.9,78.4542857143,30.0333333333,13.9666666667,37.0,21.5,57.7,34
2008-10-14,0.2882,0.22785709999999998,0.2807571,69.39,298.35,295.91571428599997,310.5,292.7,67.9,88.85714285709999,26.45,9.1,34.7,21.0,24.9,63
2008-10-21,0.3291571,0.2279,0.2733429,52.65,297.86714285700003,296.701428571,305.0,292.7,111.9,93.8542857143,27.3333333333,10.0666666667,35.5,21.5,24.2,44
2008-10-28,0.1617429,0.1962,0.1982714,43.6,298.372857143,296.825714286,308.5,294.0,149.1,92.6085714286,27.4,11.35,35.0,21.2,0.0,50
2008-11-04,0.5010286,0.445,0.4276857,57.85,298.464285714,297.468571429,307.2,293.1,107.48,95.29,27.82,12.1,35.6,21.2,109.0,35
2008-11-11,0.3042857,0.2946429,0.3062714,60.36,298.49857142900004,296.01,309.6,293.7,63.9,88.3285714286,28.3,12.8666666667,36.0,20.5,42.6,16
2008-11-18,0.1930571,0.1965286,0.17625710000000003,59.44,298.89,297.741428571,307.2,295.2,199.52,94.1414285714,27.9666666667,12.1,34.5,21.7,10.6,16
2008-11-25,0.2510143,0.2883143,0.2537,81.11,298.53,297.577142857,306.1,294.7,90.68,95.26,26.1,8.35,33.5,21.0,59.0,13
2008-12-02,0.1643667,0.19635,0.1731333,45.03,298.111428571,297.044285714,305.2,293.4,139.55,94.64,26.96,10.64,33.7,21.0,80.0,9
2008-12-09,0.28941669999999997,0.34778000000000003,0.2748286,64.03,298.651428571,296.182857143,308.9,295.1,53.25,88.5514285714,27.8,11.175,35.0,21.2,17.2,15
2008-12-16,0.1783857,0.2191714,0.2497286,70.92,298.528571429,296.847142857,306.3,295.2,57.61,91.77714285709999,27.825,12.15,35.0,20.5,51.0,4
2008-12-23,0.2634125,0.219875,0.2000875,55.11,299.55714285700003,295.594285714,308.3,293.9,41.6,81.86857142859999,28.08,12.02,35.4,21.2,0.5,0
2009-01-08,0.2299167,0.12234,0.2611667,52.28,297.72571428599997,296.784285714,304.6,294.2,93.55,95.22285714290001,27.2666666667,11.1,34.8,21.1,86.1,10
2009-01-15,0.1884857,0.1881857,0.2039143,72.03,296.682857143,296.418571429,304.0,295.2,149.77,98.61,27.18,10.24,33.3,21.1,72.8,11
2009-01-22,0.18845710000000002,0.19931429999999997,0.2027,76.16,296.55,295.137142857,303.5,292.7,53.81,92.46714285709999,27.5666666667,10.7,34.0,21.8,11.2,29
2009-01-29,0.16673329999999997,0.17373329999999998,0.19043329999999997,118.54,297.495714286,296.51428571400004,304.4,294.0,66.1,94.92857142860001,27.65,11.65,33.9,21.1,67.8,35
2009-02-05,0.2799143,0.2402857,0.1957286,149.06,297.405714286,296.84,302.7,294.5,93.3,97.00714285709999,27.4666666667,12.333333333299999,35.0,21.0,44.1,30
2009-02-12,0.1702714,0.15111429999999998,0.1404714,60.51,297.32285714299996,296.194285714,305.7,292.9,48.72,94.2342857143,28.1,12.333333333299999,35.0,21.2,14.0,20
2009-02-19,0.18878570000000003,0.15945710000000002,0.1568714,124.8,297.685714286,296.254285714,306.7,294.2,124.0,92.9057142857,27.7,12.54,35.0,20.5,111.4,21
2009-02-26,0.28236,0.3051167,0.2940833,147.44,297.391428571,296.494285714,306.6,294.3,102.72,95.12142857139999,26.58,10.52,33.2,20.5,84.1,12
2009-03-05,0.36207140000000004,0.3367,0.3453,58.56,297.844285714,296.71,304.6,294.5,87.28,94.37857142860001,28.4,11.45,35.0,21.0,49.1,9
2009-03-12,0.20342860000000001,0.1784429,0.2259714,97.8,297.05857142900004,296.715714286,304.0,293.6,108.83,98.1342857143,27.3,11.8,33.8,21.0,0.0,11
2009-03-19,0.15788329999999998,0.1921,0.21372860000000002,106.68,297.36571428599996,296.5,304.6,293.6,66.83,95.70857142860001,27.8,10.5,33.7,21.0,14.3,9
2009-03-26,0.2235857,0.2591333,0.2632857,100.78,297.152857143,296.184285714,303.3,294.6,49.93,94.9028571429,28.5,11.5,34.4,21.5,45.0,5
2009-04-02,0.08905714,0.05895,0.08927143,131.17,297.245714286,296.54571428599996,304.5,294.1,63.3,96.3957142857,27.95,10.9,34.2,21.7,19.0,11
2009-04-09,0.1468429,0.1416571,0.14118570000000003,133.47,297.89,295.804285714,306.8,293.1,50.64,89.67285714290001,27.133333333299998,10.8666666667,35.0,21.0,134.9,3
2009-04-16,0.2236,0.1788286,0.175,99.77,296.635714286,296.135714286,304.7,292.6,74.5,97.3,26.9,10.833333333299999,33.0,21.2,87.3,5
2009-04-23,0.19534289999999999,0.2856714,0.16118570000000002,52.74,297.54571428599996,296.887142857,303.6,294.9,62.74,96.66428571430001,26.8,8.7,34.4,21.2,41.2,5
2009-04-30,0.2835857,0.3455143,0.2374429,99.89,297.404285714,296.448571429,303.6,294.3,93.8,95.0785714286,27.15,10.75,34.0,21.0,30.8,4
2009-05-07,0.1907571,0.2645571,0.2538857,30.73,297.562857143,296.484285714,306.8,292.9,59.5,95.1,28.1,10.5,35.0,22.0,44.0,4
2009-05-14,0.2077429,0.22785709999999998,0.2542,38.51,297.607142857,296.271428571,306.5,292.7,46.43,93.29857142860001,28.075,11.425,35.0,22.0,11.2,1
2009-05-21,0.3312143,0.2172,0.2093857,66.46,297.724285714,296.012857143,307.1,293.4,39.89,91.79,28.35,11.45,34.6,21.4,50.5,0
2009-05-28,0.2383429,0.1973167,0.1655,40.04,296.70428571400004,296.26428571400004,305.1,292.7,73.0,97.74285714290001,27.6,10.266666666699999,34.4,21.0,19.3,2
2009-06-04,0.114,0.09244286,0.09747143,42.22,296.125714286,295.267142857,302.5,292.8,53.91,95.50714285709999,28.1,11.8,34.0,22.2,21.6,3
2009-06-11,0.1871286,0.1578,0.1434571,8.74,295.104285714,293.91,305.2,289.9,112.31,94.13,24.6666666667,8.63333333333,33.5,20.0,23.9,3
2009-06-18,0.2916714,0.3070286,0.35622859999999995,43.32,296.031428571,294.862857143,305.2,292.0,45.97,93.9714285714,27.05,10.9,33.5,19.4,21.0,5
2009-06-25,0.2708,0.2051833,0.2401286,141.65,297.217142857,296.11,305.6,293.2,66.41,94.55571428569999,27.375,11.125,33.4,21.2,40.6,2
2009-07-02,0.18685710000000003,0.17691429999999997,0.2230714,68.15,296.452857143,295.357142857,304.6,292.3,55.5,94.53857142860001,27.45,10.7,33.4,21.4,14.0,1
2009-07-09,0.3859143,0.2903833,0.33642859999999997,91.4,296.065714286,295.167142857,306.2,291.4,39.67,95.38571428569999,27.6,10.7666666667,33.4,21.6,2.0,2
2009-07-16,0.21965,0.37805,0.2238714,65.19,296.527142857,295.411428571,306.8,292.7,40.1,94.6242857143,26.825,10.425,34.5,21.3,38.9,0
2009-07-23,0.20788330000000002,0.28085,0.1756,35.82,296.525714286,294.052857143,306.7,292.3,12.93,88.23,26.95,10.25,32.2,21.0,20.4,0
2009-07-30,0.15435710000000002,0.1152714,0.1534571,51.77,297.087142857,295.04571428599996,307.9,290.4,39.3,89.9714285714,27.0,11.5,33.5,20.5,32.0,3
2009-08-06,0.395,0.3527333,0.4842857,9.79,297.37,294.82428571400004,307.9,290.7,34.4,87.8114285714,27.975,12.1,35.4,20.5,26.05,5
2009-08-13,0.3308857,0.4083,0.4433571,35.23,298.357142857,295.507142857,308.2,292.2,43.2,87.11,27.7,11.5,33.4,21.0,20.1,5
2009-08-20,0.2206286,0.1943571,0.2785714,6.52,298.67714285700004,294.708571429,309.3,293.0,25.3,80.64,28.32,12.86,36.2,21.2,1.0,7
2009-08-27,0.2453429,0.18598570000000003,0.18134289999999997,95.83,298.99714285700003,296.444285714,310.4,293.4,45.34,88.1771428571,29.0,13.0,36.2,22.0,27.2,5
2009-09-03,0.5083571,0.4544286,0.5383143,83.02,297.388571429,296.388571429,305.0,293.5,78.37,94.99285714290001,27.6,13.2,34.2,21.0,47.5,2
2009-09-10,0.18961670000000003,0.192,0.2368143,13.74,299.85571428599997,294.314285714,310.0,291.8,9.3,75.2328571429,29.1666666667,14.1333333333,37.4,21.4,6.1,2
2009-09-17,0.26632,0.3133667,0.1956571,40.17,299.47,294.61857142900004,310.0,293.5,23.01,78.11857142859999,28.85,12.75,37.2,20.4,0.8,2
2009-09-24,0.29431430000000003,0.27067140000000006,0.30207140000000005,78.68,299.32428571400004,295.827142857,309.8,293.7,33.0,83.7628571429,28.866666666700002,13.3,37.0,21.0,8.1,0
2009-10-01,0.2063,0.2552571,0.2799571,57.18,298.034285714,296.344285714,307.4,294.8,79.1,91.5757142857,27.95,12.225,35.2,20.5,33.1,2
2009-10-08,0.2322714,0.2725,0.2715714,20.58,298.707142857,296.56142857099996,308.3,294.3,43.94,89.31,27.64,11.66,34.8,21.0,29.4,1
2009-10-15,0.2974143,0.2821714,0.2559286,30.49,299.737142857,295.35,311.3,293.8,18.1,79.2228571429,27.75,10.65,34.2,21.2,11.2,1
2009-10-22,0.2968,0.3084857,0.3623,82.59,298.85571428599997,296.918571429,307.2,294.1,67.4,90.65714285709998,27.7333333333,12.2,35.3,21.0,137.1,2
2009-10-29,0.2907571,0.23795,0.3176857,77.38,298.678571429,297.44285714299997,310.8,294.9,84.54,93.8085714286,27.8,11.32,35.2,21.0,11.2,2
2009-11-05,0.38867140000000006,0.3728167,0.2499,45.79,299.161428571,297.14,309.7,292.2,47.31,90.3728571429,29.866666666700002,12.7333333333,36.8,21.2,3.5,3
2009-11-12,0.3688714,0.3799571,0.38002859999999994,96.23,300.321428571,296.92571428599996,308.7,296.0,31.65,84.3114285714,28.94,11.96,35.3,21.9,88.2,9
2009-11-19,0.40705,0.3351,0.3665,29.72,300.48571428599996,296.108571429,311.0,294.5,47.0,80.7871428571,28.9,12.333333333299999,36.2,22.3,39.1,5
2009-11-26,0.3361143,0.2877667,0.3254571,38.17,299.455714286,297.22571428599997,308.7,295.1,60.7,89.5942857143,28.4333333333,11.833333333299999,36.2,21.8,17.0,5
2009-12-03,0.34852859999999997,0.2904,0.4106143,73.45,298.762857143,296.97,308.9,295.0,134.43,91.70857142860001,28.025,10.375,35.3,22.2,49.0,4
2009-12-10,0.1922,0.1935286,0.2398857,85.62,299.198571429,296.595714286,308.6,294.6,49.32,87.75285714290001,28.55,11.0,35.2,21.2,41.9,4
2009-12-17,0.2176,0.2403,0.1817714,81.21,298.347142857,296.905714286,307.5,295.0,208.87,92.95857142860001,28.2,11.125,35.6,22.0,54.1,1
2009-12-24,0.21042220000000003,0.2571375,0.2211333,98.79,297.18142857099997,296.55714285700003,302.9,294.9,66.3,96.88571428569999,27.2,8.2,32.2,21.8,31.2,0
2010-01-08,0.1245714,0.1791286,0.16384289999999999,27.04,299.26428571400004,294.53,308.6,292.8,8.5,78.27142857140001,28.6,12.3,35.1,21.8,20.154545454545456,10
2010-01-15,0.14528570000000002,0.14231429999999998,0.1353,32.99,298.297142857,296.147142857,308.0,293.8,144.6,89.80714285709999,27.8333333333,11.3,34.2,22.1,15.0,9
2010-01-22,0.2521143,0.2304857,0.1873286,19.04,298.92571428599996,296.38,307.8,294.8,31.2,87.6414285714,28.9666666667,11.2666666667,35.2,22.5,0.8,17
2010-01-29,0.26327140000000004,0.2306,0.2188714,138.51,298.291428571,296.56,308.3,295.0,65.76,91.79857142860001,27.8,10.52,35.3,22.4,166.0,16
2010-02-05,0.1701,0.1421167,0.1179143,47.31,298.754285714,296.837142857,306.1,295.6,95.83,90.64857142860001,27.8,9.26666666667,34.2,22.0,62.3,11
2010-02-12,0.2307571,0.1892571,0.1634857,78.25,298.25142857099996,297.56857142900003,306.2,295.5,172.7,96.5157142857,27.0,8.3,33.2,22.9,14.5,12
2010-02-19,0.2933,0.2478286,0.2066286,32.19,299.648571429,297.09,309.2,294.5,54.2,88.3657142857,27.3,11.8,35.5,21.4,60.9,19
2010-02-26,0.3036571,0.2600571,0.22548569999999998,84.67,298.917142857,297.928571429,308.2,295.2,288.4,94.91571428569999,28.02,10.36,35.4,21.4,29.9,15
2010-03-05,0.1273167,0.18116,0.1204667,80.58,298.337142857,297.917142857,306.3,295.8,144.98,97.7,28.5,9.9,35.4,21.2,9.9,12
2010-03-12,0.31172859999999997,0.2926857,0.2725857,57.78,298.837142857,298.141428571,306.9,292.8,86.1,96.25,28.55,10.05,35.4,21.4,44.5,12
2010-03-19,0.2946,0.2509714,0.28147140000000004,121.2,299.19142857099996,298.45,307.4,294.0,191.76,96.1242857143,30.0,12.0,36.0,22.0,22.9,16
2010-03-26,0.2662857,0.3012333,0.29600000000000004,51.29,299.004285714,297.555714286,307.9,294.6,214.9,93.08285714290001,27.4666666667,9.333333333330001,34.5,21.0,20.0,9
2010-04-02,0.14143329999999998,0.2047286,0.2509714,49.8,299.00285714299997,296.56857142900003,309.1,294.2,24.25,88.7071428571,27.9333333333,12.3,35.3,21.0,16.0,4
2010-04-09,0.2428429,0.2727571,0.2022714,93.76,299.11571428599996,298.161428571,308.4,294.6,164.7,95.1828571429,29.2,12.3,35.4,22.5,17.0,9
2010-04-16,0.1576857,0.15661429999999998,0.1840143,17.33,298.305714286,297.00285714299997,307.3,294.3,150.8,93.6557142857,27.15,9.6,33.0,21.2,18.0,6
2010-04-23,0.2314857,0.2946857,0.3316571,86.7,298.43857142900004,297.678571429,304.7,294.7,81.4,95.9957142857,27.85,9.6,33.5,22.5,51.1,8
2010-04-30,0.2397429,0.2592714,0.3077857,26.0,299.048571429,296.468571429,308.4,294.6,23.6,87.65714285709998,28.85,12.125,36.2,21.4,35.4,4
2010-05-07,0.2608143,0.2557857,0.2577714,73.97,297.61714285700003,296.97571428599997,304.7,294.6,85.46,96.7128571429,27.6,9.6,33.2,21.4,8.1,2
2010-05-14,0.16868570000000002,0.1585,0.1330714,59.4,297.278571429,296.738571429,306.0,294.0,87.3,97.44571428569999,27.4,10.4,33.7,21.2,32.0,7
2010-05-21,0.26307140000000007,0.2725,0.2582714,1.15,297.648571429,293.227142857,308.7,290.1,8.8,78.9985714286,25.633333333299998,9.2,34.0,20.0,2.5,6
2010-05-28,0.34275,0.3189,0.2563429,55.3,299.33428571400003,296.825714286,309.7,294.5,45.0,88.7657142857,28.633333333299998,11.933333333299998,35.4,22.4,27.0,5
2010-06-04,0.16015710000000002,0.1603714,0.1360429,86.47,298.33,296.452857143,308.5,291.9,207.1,91.6,27.4333333333,10.5,34.7,21.7,36.6,8
2010-06-11,0.2470571,0.14605710000000002,0.2503571,58.94,296.598571429,295.50142857099996,305.5,292.4,50.6,94.28,24.4,6.9,32.2,19.2,7.4,1
2010-06-18,0.3339143,0.2457714,0.2788857,59.67,296.345714286,295.32428571400004,306.1,291.9,62.33,94.66,25.4333333333,8.73333333333,31.2,21.0,16.0,1
2010-06-25,0.2981857,0.2329714,0.2742143,63.22,298.097142857,295.80714285700003,307.8,292.3,36.9,89.08285714290001,27.475,9.9,33.7,22.2,20.4,4
